customer_id,customer_name,gender,age,city,signup_date,customer_segment
CUST00001,Customer 00001,Male,21,Rajshahi,2023-08-02,Young
CUST00002,Customer 00002,Female,24,Rajshahi,2024-04-27,Young
CUST00003,Customer 00003,Male,52,Rangpur,2025-12-26,Senior
CUST00004,Customer 00004,Male,26,Rangpur,2023-05-13,Adult
CUST00005,Customer 00005,Male,25,Rangpur,2024-05-26,Adult
CUST00006,Customer 00006,Female,34,Dhaka,2023-07-30,Adult
CUST00007,Customer 00007,Male,34,Chattogram,2025-09-14,Adult
CUST00008,Customer 00008,Male,50,Khulna,2025-09-13,Senior
CUST00009,Customer 00009,Male,49,Khulna,2024-12-17,Senior
CUST00010,Customer 00010,Female,25,Sylhet,2023-09-10,Adult
CUST00011,Customer 00011,Male,36,Dhaka,2023-02-07,Mid-age
CUST00012,Customer 00012,Male,55,Barishal,2025-12-02,Senior
CUST00013,Customer 00013,Male,20,Khulna,2024-09-20,Young
CUST00014,Customer 00014,Male,22,Dhaka,2025-09-13,Young
CUST00015,Customer 00015,Female,30,Chattogram,2023-02-15,Adult
CUST00016,Customer 00016,Male,48,Dhaka,2023-11-01,Senior
CUST00017,Customer 00017,Female,33,Dhaka,2023-08-21,Adult
CUST00018,Customer 00018,Female,49,Dhaka,2023-09-02,Senior
CUST00019,Customer 00019,Female,39,Chattogram,2025-01-29,Mid-age
CUST00020,Customer 00020,Male,46,Chattogram,2025-04-18,Senior
CUST00021,Customer 00021,Female,39,Sylhet,2023-06-07,Mid-age
CUST00022,Customer 00022,Male,60,Rajshahi,2025-10-21,Senior
CUST00023,Customer 00023,Female,20,Barishal,2023-08-05,Young
CUST00024,Customer 00024,Female,27,Dhaka,2025-07-16,Adult
CUST00025,Customer 00025,Female,59,Dhaka,2024-05-21,Senior
CUST00026,Customer 00026,Female,38,Rangpur,2025-01-30,Mid-age
CUST00027,Customer 00027,Female,33,Dhaka,2025-06-22,Adult
CUST00028,Customer 00028,Female,29,Mymensingh,2024-08-03,Adult
CUST00029,Customer 00029,Female,19,Barishal,2025-11-19,Young
CUST00030,Customer 00030,Female,58,Chattogram,2024-09-18,Senior
CUST00031,Customer 00031,Male,41,Mymensingh,2024-06-03,Mid-age
CUST00032,Customer 00032,Male,52,Dhaka,2023-10-02,Senior
CUST00033,Customer 00033,Female,47,Dhaka,2024-05-06,Senior
CUST00034,Customer 00034,Female,47,Sylhet,2025-04-06,Senior
CUST00035,Customer 00035,Female,52,Dhaka,2025-08-08,Senior
CUST00036,Customer 00036,Male,36,Mymensingh,2025-07-14,Mid-age
CUST00037,Customer 00037,Female,25,Dhaka,2025-04-26,Adult
CUST00038,Customer 00038,Male,43,Chattogram,2025-11-25,Mid-age
CUST00039,Customer 00039,Male,57,Sylhet,2025-12-03,Senior
CUST00040,Customer 00040,Male,24,Rajshahi,2023-02-08,Young
CUST00041,Customer 00041,Male,47,Dhaka,2023-08-27,Senior
CUST00042,Customer 00042,Male,24,Dhaka,2025-11-02,Young
CUST00043,Customer 00043,Female,20,Barishal,2023-05-02,Young
CUST00044,Customer 00044,Female,18,Dhaka,2023-05-24,Young
CUST00045,Customer 00045,Female,53,Barishal,2024-11-14,Senior
CUST00046,Customer 00046,Female,42,Sylhet,2024-03-30,Mid-age
CUST00047,Customer 00047,Female,54,Khulna,2024-01-03,Senior
CUST00048,Customer 00048,Male,18,Khulna,2025-01-28,Young
CUST00049,Customer 00049,Female,32,Dhaka,2023-09-04,Adult
CUST00050,Customer 00050,Female,54,Sylhet,2025-07-11,Senior
CUST00051,Customer 00051,Male,30,Rangpur,2025-12-04,Adult
CUST00052,Customer 00052,Female,57,Chattogram,2025-02-03,Senior
CUST00053,Customer 00053,Male,25,Mymensingh,2024-01-10,Adult
CUST00054,Customer 00054,Female,22,Chattogram,2023-07-26,Young
CUST00055,Customer 00055,Male,26,Dhaka,2024-06-02,Adult
CUST00056,Customer 00056,Female,18,Chattogram,2023-08-30,Young
CUST00057,Customer 00057,Female,53,Mymensingh,2025-03-29,Senior
CUST00058,Customer 00058,Male,52,Dhaka,2023-10-29,Senior
CUST00059,Customer 00059,Male,19,Rangpur,2024-12-01,Young
CUST00060,Customer 00060,Male,57,Rangpur,2023-10-15,Senior
CUST00061,Customer 00061,Male,40,Dhaka,2023-06-03,Mid-age
CUST00062,Customer 00062,Male,26,Dhaka,2024-02-27,Adult
CUST00063,Customer 00063,Male,51,Khulna,2025-04-29,Senior
CUST00064,Customer 00064,Male,31,Dhaka,2023-02-19,Adult
CUST00065,Customer 00065,Male,21,Khulna,2024-07-17,Young
CUST00066,Customer 00066,Female,47,Chattogram,2025-05-03,Senior
CUST00067,Customer 00067,Female,48,Chattogram,2025-06-01,Senior
CUST00068,Customer 00068,Male,55,Khulna,2024-10-23,Senior
CUST00069,Customer 00069,Female,28,Chattogram,2024-07-18,Adult
CUST00070,Customer 00070,Female,52,Chattogram,2023-08-01,Senior
CUST00071,Customer 00071,Female,25,Dhaka,2025-12-25,Adult
CUST00072,Customer 00072,Female,20,Dhaka,2025-03-21,Young
CUST00073,Customer 00073,Male,31,Chattogram,2025-04-29,Adult
CUST00074,Customer 00074,Female,30,Barishal,2025-05-30,Adult
CUST00075,Customer 00075,Male,49,Dhaka,2025-12-24,Senior
CUST00076,Customer 00076,Female,51,Chattogram,2023-11-30,Senior
CUST00077,Customer 00077,Female,36,Rajshahi,2023-02-01,Mid-age
CUST00078,Customer 00078,Female,55,Dhaka,2025-05-17,Senior
CUST00079,Customer 00079,Male,33,Dhaka,2025-06-16,Adult
CUST00080,Customer 00080,Female,19,Mymensingh,2024-08-23,Young
CUST00081,Customer 00081,Male,57,Khulna,2025-09-14,Senior
CUST00082,Customer 00082,Female,34,Sylhet,2024-08-21,Adult
CUST00083,Customer 00083,Male,51,Rajshahi,2024-06-03,Senior
CUST00084,Customer 00084,Female,59,Dhaka,2025-05-18,Senior
CUST00085,Customer 00085,Male,33,Sylhet,2023-01-16,Adult
CUST00086,Customer 00086,Male,55,Chattogram,2023-10-10,Senior
CUST00087,Customer 00087,Female,19,Chattogram,2023-12-27,Young
CUST00088,Customer 00088,Male,19,Dhaka,2025-11-24,Young
CUST00089,Customer 00089,Female,43,Dhaka,2023-04-23,Mid-age
CUST00090,Customer 00090,Female,30,Dhaka,2023-11-04,Adult
CUST00091,Customer 00091,Female,48,Mymensingh,2025-08-16,Senior
CUST00092,Customer 00092,Female,51,Chattogram,2025-12-12,Senior
CUST00093,Customer 00093,Female,56,Chattogram,2025-04-13,Senior
CUST00094,Customer 00094,Female,20,Dhaka,2023-08-30,Young
CUST00095,Customer 00095,Female,25,Dhaka,2023-01-31,Adult
CUST00096,Customer 00096,Female,40,Khulna,2024-12-04,Mid-age
CUST00097,Customer 00097,Female,31,Chattogram,2025-05-18,Adult
CUST00098,Customer 00098,Female,44,Chattogram,2023-08-21,Mid-age
CUST00099,Customer 00099,Female,46,Dhaka,2025-11-23,Senior
CUST00100,Customer 00100,Male,56,Khulna,2025-08-08,Senior
CUST00101,Customer 00101,Male,56,Dhaka,2023-02-28,Senior
CUST00102,Customer 00102,Female,18,Dhaka,2025-02-09,Young
CUST00103,Customer 00103,Female,34,Chattogram,2024-12-18,Adult
CUST00104,Customer 00104,Female,58,Dhaka,2023-10-29,Senior
CUST00105,Customer 00105,Female,47,Dhaka,2025-03-13,Senior
CUST00106,Customer 00106,Female,30,Rajshahi,2025-06-15,Adult
CUST00107,Customer 00107,Female,38,Rajshahi,2023-04-22,Mid-age
CUST00108,Customer 00108,Female,36,Barishal,2023-11-13,Mid-age
CUST00109,Customer 00109,Female,36,Chattogram,2024-10-29,Mid-age
CUST00110,Customer 00110,Male,42,Dhaka,2024-11-20,Mid-age
CUST00111,Customer 00111,Female,39,Dhaka,2023-01-18,Mid-age
CUST00112,Customer 00112,Male,48,Mymensingh,2025-02-16,Senior
CUST00113,Customer 00113,Female,34,Sylhet,2023-12-26,Adult
CUST00114,Customer 00114,Female,40,Rajshahi,2023-11-28,Mid-age
CUST00115,Customer 00115,Male,49,Dhaka,2024-06-11,Senior
CUST00116,Customer 00116,Female,27,Chattogram,2023-01-12,Adult
CUST00117,Customer 00117,Male,27,Dhaka,2023-07-31,Adult
CUST00118,Customer 00118,Female,53,Sylhet,2024-10-02,Senior
CUST00119,Customer 00119,Female,25,Mymensingh,2023-10-10,Adult
CUST00120,Customer 00120,Male,37,Mymensingh,2025-02-18,Mid-age
CUST00121,Customer 00121,Female,49,Chattogram,2025-11-19,Senior
CUST00122,Customer 00122,Male,31,Chattogram,2025-10-29,Adult
CUST00123,Customer 00123,Female,45,Mymensingh,2024-11-07,Senior
CUST00124,Customer 00124,Male,41,Rajshahi,2024-12-05,Mid-age
CUST00125,Customer 00125,Male,32,Dhaka,2024-03-01,Adult
CUST00126,Customer 00126,Female,39,Chattogram,2024-08-13,Mid-age
CUST00127,Customer 00127,Female,47,Dhaka,2023-04-01,Senior
CUST00128,Customer 00128,Male,21,Chattogram,2024-03-31,Young
CUST00129,Customer 00129,Female,30,Chattogram,2024-03-19,Adult
CUST00130,Customer 00130,Female,40,Sylhet,2023-03-20,Mid-age
CUST00131,Customer 00131,Female,25,Dhaka,2025-07-15,Adult
CUST00132,Customer 00132,Male,35,Dhaka,2023-04-13,Mid-age
CUST00133,Customer 00133,Male,29,Chattogram,2024-09-14,Adult
CUST00134,Customer 00134,Male,48,Barishal,2025-09-16,Senior
CUST00135,Customer 00135,Male,31,Rajshahi,2023-08-22,Adult
CUST00136,Customer 00136,Male,51,Dhaka,2024-10-05,Senior
CUST00137,Customer 00137,Male,35,Mymensingh,2025-02-28,Mid-age
CUST00138,Customer 00138,Male,51,Rangpur,2024-01-22,Senior
CUST00139,Customer 00139,Male,28,Dhaka,2025-04-26,Adult
CUST00140,Customer 00140,Male,58,Dhaka,2023-02-07,Senior
CUST00141,Customer 00141,Female,29,Khulna,2023-08-29,Adult
CUST00142,Customer 00142,Male,32,Barishal,2025-11-15,Adult
CUST00143,Customer 00143,Female,48,Mymensingh,2024-07-15,Senior
CUST00144,Customer 00144,Female,46,Rangpur,2025-03-16,Senior
CUST00145,Customer 00145,Female,43,Sylhet,2023-10-25,Mid-age
CUST00146,Customer 00146,Male,35,Chattogram,2025-03-15,Mid-age
CUST00147,Customer 00147,Male,49,Dhaka,2023-06-03,Senior
CUST00148,Customer 00148,Male,39,Dhaka,2025-01-01,Mid-age
CUST00149,Customer 00149,Male,55,Chattogram,2024-04-12,Senior
CUST00150,Customer 00150,Female,34,Sylhet,2023-02-18,Adult
CUST00151,Customer 00151,Male,40,Chattogram,2023-02-15,Mid-age
CUST00152,Customer 00152,Male,41,Khulna,2025-02-18,Mid-age
CUST00153,Customer 00153,Male,25,Dhaka,2023-03-23,Adult
CUST00154,Customer 00154,Male,58,Sylhet,2025-12-03,Senior
CUST00155,Customer 00155,Male,23,Dhaka,2025-08-12,Young
CUST00156,Customer 00156,Female,22,Chattogram,2023-09-30,Young
CUST00157,Customer 00157,Male,46,Khulna,2024-01-29,Senior
CUST00158,Customer 00158,Female,45,Rajshahi,2025-02-28,Senior
CUST00159,Customer 00159,Male,28,Mymensingh,2024-08-17,Adult
CUST00160,Customer 00160,Female,18,Dhaka,2023-02-27,Young
CUST00161,Customer 00161,Male,60,Chattogram,2024-07-18,Senior
CUST00162,Customer 00162,Male,36,Dhaka,2023-01-01,Mid-age
CUST00163,Customer 00163,Female,26,Chattogram,2023-08-04,Adult
CUST00164,Customer 00164,Female,44,Rangpur,2025-02-04,Mid-age
CUST00165,Customer 00165,Female,51,Rajshahi,2024-11-01,Senior
CUST00166,Customer 00166,Male,21,Rangpur,2024-05-25,Young
CUST00167,Customer 00167,Female,53,Dhaka,2025-07-03,Senior
CUST00168,Customer 00168,Male,35,Rangpur,2023-04-05,Mid-age
CUST00169,Customer 00169,Male,32,Dhaka,2024-05-07,Adult
CUST00170,Customer 00170,Female,30,Rangpur,2025-02-03,Adult
CUST00171,Customer 00171,Female,36,Dhaka,2025-10-18,Mid-age
CUST00172,Customer 00172,Male,23,Dhaka,2023-05-30,Young
CUST00173,Customer 00173,Male,29,Chattogram,2025-11-12,Adult
CUST00174,Customer 00174,Female,54,Mymensingh,2025-01-25,Senior
CUST00175,Customer 00175,Female,34,Dhaka,2024-02-03,Adult
CUST00176,Customer 00176,Female,40,Dhaka,2024-02-14,Mid-age
CUST00177,Customer 00177,Male,43,Rangpur,2023-05-11,Mid-age
CUST00178,Customer 00178,Male,46,Chattogram,2025-05-04,Senior
CUST00179,Customer 00179,Male,50,Dhaka,2023-05-28,Senior
CUST00180,Customer 00180,Male,44,Chattogram,2024-01-16,Mid-age
CUST00181,Customer 00181,Male,42,Chattogram,2024-07-05,Mid-age
CUST00182,Customer 00182,Male,27,Rangpur,2023-10-22,Adult
CUST00183,Customer 00183,Female,40,Khulna,2024-03-31,Mid-age
CUST00184,Customer 00184,Male,38,Chattogram,2023-06-18,Mid-age
CUST00185,Customer 00185,Male,38,Mymensingh,2024-12-10,Mid-age
CUST00186,Customer 00186,Male,60,Chattogram,2023-02-06,Senior
CUST00187,Customer 00187,Female,30,Dhaka,2023-08-19,Adult
CUST00188,Customer 00188,Male,54,Dhaka,2023-09-11,Senior
CUST00189,Customer 00189,Male,50,Chattogram,2023-11-25,Senior
CUST00190,Customer 00190,Female,41,Dhaka,2025-09-06,Mid-age
CUST00191,Customer 00191,Male,28,Mymensingh,2023-01-10,Adult
CUST00192,Customer 00192,Male,34,Khulna,2024-03-21,Adult
CUST00193,Customer 00193,Male,21,Dhaka,2025-07-10,Young
CUST00194,Customer 00194,Male,42,Sylhet,2025-04-15,Mid-age
CUST00195,Customer 00195,Male,47,Khulna,2023-03-19,Senior
CUST00196,Customer 00196,Female,26,Mymensingh,2023-07-12,Adult
CUST00197,Customer 00197,Female,38,Rangpur,2024-02-05,Mid-age
CUST00198,Customer 00198,Female,37,Chattogram,2023-04-19,Mid-age
CUST00199,Customer 00199,Male,36,Khulna,2025-03-02,Mid-age
CUST00200,Customer 00200,Male,36,Sylhet,2023-09-20,Mid-age
CUST00201,Customer 00201,Male,29,Chattogram,2023-11-25,Adult
CUST00202,Customer 00202,Female,54,Dhaka,2023-12-29,Senior
CUST00203,Customer 00203,Male,59,Dhaka,2023-09-16,Senior
CUST00204,Customer 00204,Male,34,Chattogram,2023-03-26,Adult
CUST00205,Customer 00205,Female,54,Dhaka,2023-11-04,Senior
CUST00206,Customer 00206,Male,56,Dhaka,2023-09-19,Senior
CUST00207,Customer 00207,Female,45,Khulna,2025-03-07,Senior
CUST00208,Customer 00208,Female,58,Dhaka,2024-09-22,Senior
CUST00209,Customer 00209,Female,52,Sylhet,2024-11-10,Senior
CUST00210,Customer 00210,Male,35,Chattogram,2025-05-14,Mid-age
CUST00211,Customer 00211,Male,31,Mymensingh,2023-11-20,Adult
CUST00212,Customer 00212,Male,52,Chattogram,2025-07-13,Senior
CUST00213,Customer 00213,Male,58,Dhaka,2024-12-27,Senior
CUST00214,Customer 00214,Male,24,Chattogram,2025-09-04,Young
CUST00215,Customer 00215,Male,58,Barishal,2023-08-05,Senior
CUST00216,Customer 00216,Male,30,Mymensingh,2024-03-23,Adult
CUST00217,Customer 00217,Female,35,Chattogram,2023-11-15,Mid-age
CUST00218,Customer 00218,Male,54,Dhaka,2025-09-20,Senior
CUST00219,Customer 00219,Female,30,Rangpur,2023-02-06,Adult
CUST00220,Customer 00220,Male,53,Dhaka,2024-12-31,Senior
CUST00221,Customer 00221,Male,48,Sylhet,2025-10-07,Senior
CUST00222,Customer 00222,Male,19,Chattogram,2025-11-23,Young
CUST00223,Customer 00223,Female,33,Dhaka,2023-02-08,Adult
CUST00224,Customer 00224,Female,26,Dhaka,2023-07-28,Adult
CUST00225,Customer 00225,Female,26,Dhaka,2025-04-09,Adult
CUST00226,Customer 00226,Female,55,Rajshahi,2025-05-05,Senior
CUST00227,Customer 00227,Male,28,Mymensingh,2025-06-17,Adult
CUST00228,Customer 00228,Female,39,Dhaka,2024-08-23,Mid-age
CUST00229,Customer 00229,Male,50,Barishal,2025-01-29,Senior
CUST00230,Customer 00230,Male,53,Dhaka,2024-03-09,Senior
CUST00231,Customer 00231,Female,40,Chattogram,2025-04-21,Mid-age
CUST00232,Customer 00232,Female,51,Dhaka,2023-02-01,Senior
CUST00233,Customer 00233,Female,26,Mymensingh,2024-01-28,Adult
CUST00234,Customer 00234,Female,41,Khulna,2025-06-28,Mid-age
CUST00235,Customer 00235,Female,25,Rajshahi,2023-07-11,Adult
CUST00236,Customer 00236,Female,24,Barishal,2023-09-27,Young
CUST00237,Customer 00237,Female,53,Rajshahi,2025-01-07,Senior
CUST00238,Customer 00238,Female,35,Mymensingh,2023-03-18,Mid-age
CUST00239,Customer 00239,Male,20,Khulna,2025-01-04,Young
CUST00240,Customer 00240,Female,45,Mymensingh,2025-06-02,Senior
CUST00241,Customer 00241,Female,23,Chattogram,2023-10-11,Young
CUST00242,Customer 00242,Male,38,Dhaka,2024-06-27,Mid-age
CUST00243,Customer 00243,Female,45,Chattogram,2024-10-10,Senior
CUST00244,Customer 00244,Male,57,Dhaka,2023-09-07,Senior
CUST00245,Customer 00245,Male,18,Sylhet,2023-04-05,Young
CUST00246,Customer 00246,Female,53,Chattogram,2023-01-17,Senior
CUST00247,Customer 00247,Male,38,Sylhet,2023-04-27,Mid-age
CUST00248,Customer 00248,Male,60,Dhaka,2025-09-09,Senior
CUST00249,Customer 00249,Male,52,Dhaka,2023-11-29,Senior
CUST00250,Customer 00250,Male,30,Chattogram,2024-10-07,Adult
CUST00251,Customer 00251,Female,27,Mymensingh,2023-04-26,Adult
CUST00252,Customer 00252,Male,27,Chattogram,2025-08-20,Adult
CUST00253,Customer 00253,Female,30,Chattogram,2025-04-26,Adult
CUST00254,Customer 00254,Male,54,Khulna,2023-11-12,Senior
CUST00255,Customer 00255,Male,55,Sylhet,2025-03-20,Senior
CUST00256,Customer 00256,Male,41,Dhaka,2024-01-07,Mid-age
CUST00257,Customer 00257,Male,19,Chattogram,2025-01-29,Young
CUST00258,Customer 00258,Female,39,Dhaka,2025-05-26,Mid-age
CUST00259,Customer 00259,Female,34,Mymensingh,2025-09-03,Adult
CUST00260,Customer 00260,Male,53,Dhaka,2023-06-05,Senior
CUST00261,Customer 00261,Male,31,Dhaka,2024-09-05,Adult
CUST00262,Customer 00262,Female,27,Dhaka,2025-11-02,Adult
CUST00263,Customer 00263,Male,52,Dhaka,2024-05-22,Senior
CUST00264,Customer 00264,Male,42,Khulna,2024-04-09,Mid-age
CUST00265,Customer 00265,Male,20,Dhaka,2025-02-21,Young
CUST00266,Customer 00266,Female,55,Dhaka,2025-03-14,Senior
CUST00267,Customer 00267,Female,34,Chattogram,2023-08-08,Adult
CUST00268,Customer 00268,Female,29,Dhaka,2023-01-15,Adult
CUST00269,Customer 00269,Male,41,Dhaka,2023-04-27,Mid-age
CUST00270,Customer 00270,Male,46,Barishal,2023-11-27,Senior
CUST00271,Customer 00271,Female,60,Khulna,2023-02-25,Senior
CUST00272,Customer 00272,Female,42,Rangpur,2023-11-04,Mid-age
CUST00273,Customer 00273,Female,53,Rangpur,2023-08-10,Senior
CUST00274,Customer 00274,Female,43,Rajshahi,2025-03-07,Mid-age
CUST00275,Customer 00275,Male,55,Dhaka,2023-05-31,Senior
CUST00276,Customer 00276,Female,18,Khulna,2023-04-22,Young
CUST00277,Customer 00277,Male,37,Barishal,2024-11-13,Mid-age
CUST00278,Customer 00278,Female,45,Barishal,2023-11-28,Senior
CUST00279,Customer 00279,Male,33,Chattogram,2025-06-11,Adult
CUST00280,Customer 00280,Female,34,Dhaka,2023-06-10,Adult
CUST00281,Customer 00281,Female,57,Barishal,2023-10-05,Senior
CUST00282,Customer 00282,Female,45,Khulna,2025-06-15,Senior
CUST00283,Customer 00283,Female,29,Mymensingh,2024-05-11,Adult
CUST00284,Customer 00284,Male,44,Dhaka,2024-10-16,Mid-age
CUST00285,Customer 00285,Female,59,Dhaka,2025-11-25,Senior
CUST00286,Customer 00286,Male,47,Dhaka,2023-10-30,Senior
CUST00287,Customer 00287,Male,58,Barishal,2024-03-13,Senior
CUST00288,Customer 00288,Male,51,Dhaka,2024-12-26,Senior
CUST00289,Customer 00289,Male,54,Dhaka,2025-11-21,Senior
CUST00290,Customer 00290,Female,23,Mymensingh,2023-07-05,Young
CUST00291,Customer 00291,Male,24,Dhaka,2024-11-03,Young
CUST00292,Customer 00292,Male,49,Barishal,2025-09-27,Senior
CUST00293,Customer 00293,Male,49,Dhaka,2023-10-06,Senior
CUST00294,Customer 00294,Female,42,Barishal,2024-11-13,Mid-age
CUST00295,Customer 00295,Female,50,Chattogram,2025-10-22,Senior
CUST00296,Customer 00296,Female,24,Rangpur,2025-10-07,Young
CUST00297,Customer 00297,Female,29,Mymensingh,2025-07-13,Adult
CUST00298,Customer 00298,Male,33,Dhaka,2024-01-15,Adult
CUST00299,Customer 00299,Male,33,Dhaka,2025-04-14,Adult
CUST00300,Customer 00300,Female,60,Dhaka,2025-09-25,Senior
CUST00301,Customer 00301,Male,53,Rajshahi,2023-10-12,Senior
CUST00302,Customer 00302,Male,30,Rangpur,2024-02-25,Adult
CUST00303,Customer 00303,Male,24,Chattogram,2023-04-23,Young
CUST00304,Customer 00304,Female,53,Sylhet,2025-10-14,Senior
CUST00305,Customer 00305,Female,26,Dhaka,2023-08-16,Adult
CUST00306,Customer 00306,Male,49,Barishal,2024-06-11,Senior
CUST00307,Customer 00307,Female,28,Mymensingh,2024-05-10,Adult
CUST00308,Customer 00308,Female,25,Dhaka,2023-01-31,Adult
CUST00309,Customer 00309,Female,50,Chattogram,2023-06-11,Senior
CUST00310,Customer 00310,Female,40,Dhaka,2024-12-05,Mid-age
CUST00311,Customer 00311,Female,42,Chattogram,2024-12-22,Mid-age
CUST00312,Customer 00312,Male,25,Chattogram,2024-03-21,Adult
CUST00313,Customer 00313,Female,39,Dhaka,2025-01-13,Mid-age
CUST00314,Customer 00314,Male,21,Chattogram,2024-03-02,Young
CUST00315,Customer 00315,Male,57,Dhaka,2024-05-18,Senior
CUST00316,Customer 00316,Female,20,Chattogram,2024-12-21,Young
CUST00317,Customer 00317,Male,46,Sylhet,2024-11-14,Senior
CUST00318,Customer 00318,Male,58,Dhaka,2024-08-04,Senior
CUST00319,Customer 00319,Male,46,Khulna,2025-11-23,Senior
CUST00320,Customer 00320,Female,51,Khulna,2025-01-05,Senior
CUST00321,Customer 00321,Female,51,Dhaka,2024-11-21,Senior
CUST00322,Customer 00322,Male,45,Dhaka,2025-01-27,Senior
CUST00323,Customer 00323,Female,30,Khulna,2025-01-23,Adult
CUST00324,Customer 00324,Female,32,Mymensingh,2023-01-24,Adult
CUST00325,Customer 00325,Female,40,Dhaka,2023-02-24,Mid-age
CUST00326,Customer 00326,Female,43,Dhaka,2025-11-15,Mid-age
CUST00327,Customer 00327,Male,21,Dhaka,2025-03-14,Young
CUST00328,Customer 00328,Male,43,Sylhet,2023-11-23,Mid-age
CUST00329,Customer 00329,Female,57,Dhaka,2025-08-27,Senior
CUST00330,Customer 00330,Female,26,Dhaka,2023-07-05,Adult
CUST00331,Customer 00331,Male,22,Rajshahi,2024-05-09,Young
CUST00332,Customer 00332,Male,49,Sylhet,2025-11-01,Senior
CUST00333,Customer 00333,Female,37,Chattogram,2024-03-09,Mid-age
CUST00334,Customer 00334,Male,28,Chattogram,2023-07-27,Adult
CUST00335,Customer 00335,Female,32,Sylhet,2023-05-13,Adult
CUST00336,Customer 00336,Female,49,Dhaka,2024-01-04,Senior
CUST00337,Customer 00337,Male,45,Dhaka,2024-02-27,Senior
CUST00338,Customer 00338,Male,39,Rangpur,2025-10-29,Mid-age
CUST00339,Customer 00339,Female,58,Dhaka,2023-09-01,Senior
CUST00340,Customer 00340,Female,34,Rajshahi,2025-02-20,Adult
CUST00341,Customer 00341,Male,43,Mymensingh,2024-09-15,Mid-age
CUST00342,Customer 00342,Female,24,Dhaka,2024-07-20,Young
CUST00343,Customer 00343,Male,59,Dhaka,2024-06-10,Senior
CUST00344,Customer 00344,Female,43,Sylhet,2023-02-06,Mid-age
CUST00345,Customer 00345,Male,42,Rangpur,2023-06-27,Mid-age
CUST00346,Customer 00346,Male,27,Mymensingh,2024-09-30,Adult
CUST00347,Customer 00347,Male,36,Khulna,2025-05-01,Mid-age
CUST00348,Customer 00348,Female,28,Dhaka,2023-03-13,Adult
CUST00349,Customer 00349,Female,30,Rajshahi,2023-12-18,Adult
CUST00350,Customer 00350,Male,25,Chattogram,2024-09-14,Adult
CUST00351,Customer 00351,Female,57,Chattogram,2023-04-15,Senior
CUST00352,Customer 00352,Male,21,Dhaka,2023-08-09,Young
CUST00353,Customer 00353,Male,48,Dhaka,2025-05-12,Senior
CUST00354,Customer 00354,Female,45,Barishal,2024-06-01,Senior
CUST00355,Customer 00355,Female,28,Chattogram,2023-10-26,Adult
CUST00356,Customer 00356,Male,60,Dhaka,2025-05-10,Senior
CUST00357,Customer 00357,Female,18,Chattogram,2023-02-11,Young
CUST00358,Customer 00358,Female,55,Rangpur,2025-02-09,Senior
CUST00359,Customer 00359,Male,41,Khulna,2025-06-15,Mid-age
CUST00360,Customer 00360,Male,48,Dhaka,2024-05-06,Senior
CUST00361,Customer 00361,Female,58,Dhaka,2025-12-06,Senior
CUST00362,Customer 00362,Male,43,Dhaka,2023-03-26,Mid-age
CUST00363,Customer 00363,Male,22,Mymensingh,2025-12-17,Young
CUST00364,Customer 00364,Female,37,Sylhet,2025-09-17,Mid-age
CUST00365,Customer 00365,Male,58,Chattogram,2024-12-11,Senior
CUST00366,Customer 00366,Male,28,Sylhet,2023-07-28,Adult
CUST00367,Customer 00367,Female,50,Dhaka,2023-02-08,Senior
CUST00368,Customer 00368,Female,55,Barishal,2025-07-14,Senior
CUST00369,Customer 00369,Male,44,Chattogram,2025-01-31,Mid-age
CUST00370,Customer 00370,Male,51,Dhaka,2025-08-03,Senior
CUST00371,Customer 00371,Female,32,Dhaka,2023-02-21,Adult
CUST00372,Customer 00372,Female,49,Chattogram,2024-01-09,Senior
CUST00373,Customer 00373,Female,38,Mymensingh,2025-07-19,Mid-age
CUST00374,Customer 00374,Female,22,Dhaka,2023-06-05,Young
CUST00375,Customer 00375,Male,23,Rangpur,2024-11-09,Young
CUST00376,Customer 00376,Female,55,Khulna,2023-12-17,Senior
CUST00377,Customer 00377,Female,39,Dhaka,2023-03-10,Mid-age
CUST00378,Customer 00378,Male,35,Dhaka,2025-12-11,Mid-age
CUST00379,Customer 00379,Female,31,Dhaka,2024-10-15,Adult
CUST00380,Customer 00380,Male,27,Khulna,2023-03-04,Adult
CUST00381,Customer 00381,Female,30,Dhaka,2024-05-23,Adult
CUST00382,Customer 00382,Female,48,Dhaka,2023-10-19,Senior
CUST00383,Customer 00383,Female,47,Chattogram,2025-03-31,Senior
CUST00384,Customer 00384,Male,20,Khulna,2023-05-30,Young
CUST00385,Customer 00385,Male,47,Dhaka,2025-05-30,Senior
CUST00386,Customer 00386,Female,23,Chattogram,2024-12-04,Young
CUST00387,Customer 00387,Male,46,Chattogram,2024-05-30,Senior
CUST00388,Customer 00388,Male,25,Chattogram,2023-01-30,Adult
CUST00389,Customer 00389,Male,60,Barishal,2023-11-22,Senior
CUST00390,Customer 00390,Male,50,Dhaka,2025-08-06,Senior
CUST00391,Customer 00391,Male,34,Barishal,2023-01-16,Adult
CUST00392,Customer 00392,Male,28,Rajshahi,2023-04-21,Adult
CUST00393,Customer 00393,Female,30,Chattogram,2025-05-21,Adult
CUST00394,Customer 00394,Female,28,Rajshahi,2024-12-13,Adult
CUST00395,Customer 00395,Male,48,Chattogram,2023-04-17,Senior
CUST00396,Customer 00396,Female,45,Dhaka,2024-01-14,Senior
CUST00397,Customer 00397,Female,23,Rajshahi,2023-06-11,Young
CUST00398,Customer 00398,Female,58,Chattogram,2023-10-10,Senior
CUST00399,Customer 00399,Female,33,Sylhet,2023-09-26,Adult
CUST00400,Customer 00400,Male,21,Dhaka,2024-04-28,Young
CUST00401,Customer 00401,Female,52,Rangpur,2024-10-28,Senior
CUST00402,Customer 00402,Female,43,Sylhet,2024-08-20,Mid-age
CUST00403,Customer 00403,Male,29,Dhaka,2025-03-09,Adult
CUST00404,Customer 00404,Male,28,Chattogram,2025-03-08,Adult
CUST00405,Customer 00405,Female,54,Khulna,2024-01-25,Senior
CUST00406,Customer 00406,Female,42,Barishal,2024-02-20,Mid-age
CUST00407,Customer 00407,Female,35,Chattogram,2024-03-01,Mid-age
CUST00408,Customer 00408,Female,36,Rangpur,2025-09-23,Mid-age
CUST00409,Customer 00409,Female,40,Dhaka,2025-05-16,Mid-age
CUST00410,Customer 00410,Female,55,Chattogram,2023-03-27,Senior
CUST00411,Customer 00411,Male,35,Rangpur,2024-02-27,Mid-age
CUST00412,Customer 00412,Female,43,Rangpur,2023-04-28,Mid-age
CUST00413,Customer 00413,Female,23,Rajshahi,2025-08-16,Young
CUST00414,Customer 00414,Male,21,Rangpur,2025-05-31,Young
CUST00415,Customer 00415,Male,46,Dhaka,2025-09-18,Senior
CUST00416,Customer 00416,Male,51,Rangpur,2024-02-19,Senior
CUST00417,Customer 00417,Male,34,Dhaka,2024-08-21,Adult
CUST00418,Customer 00418,Female,60,Dhaka,2023-02-09,Senior
CUST00419,Customer 00419,Female,60,Dhaka,2024-12-03,Senior
CUST00420,Customer 00420,Female,33,Chattogram,2024-06-20,Adult
CUST00421,Customer 00421,Female,19,Dhaka,2024-02-24,Young
CUST00422,Customer 00422,Female,51,Dhaka,2024-10-25,Senior
CUST00423,Customer 00423,Female,25,Dhaka,2023-04-05,Adult
CUST00424,Customer 00424,Male,30,Dhaka,2025-08-30,Adult
CUST00425,Customer 00425,Female,59,Sylhet,2024-10-11,Senior
CUST00426,Customer 00426,Male,25,Chattogram,2023-10-15,Adult
CUST00427,Customer 00427,Male,47,Dhaka,2024-02-16,Senior
CUST00428,Customer 00428,Female,49,Khulna,2024-02-04,Senior
CUST00429,Customer 00429,Male,53,Rangpur,2024-06-11,Senior
CUST00430,Customer 00430,Female,47,Khulna,2025-11-07,Senior
CUST00431,Customer 00431,Male,18,Dhaka,2023-05-16,Young
CUST00432,Customer 00432,Female,60,Khulna,2025-01-28,Senior
CUST00433,Customer 00433,Male,56,Dhaka,2025-04-22,Senior
CUST00434,Customer 00434,Female,34,Dhaka,2024-12-10,Adult
CUST00435,Customer 00435,Female,37,Dhaka,2025-10-21,Mid-age
CUST00436,Customer 00436,Female,41,Barishal,2024-01-16,Mid-age
CUST00437,Customer 00437,Female,39,Dhaka,2024-05-23,Mid-age
CUST00438,Customer 00438,Female,46,Dhaka,2025-03-16,Senior
CUST00439,Customer 00439,Male,39,Dhaka,2024-04-20,Mid-age
CUST00440,Customer 00440,Male,26,Rangpur,2025-08-11,Adult
CUST00441,Customer 00441,Male,54,Sylhet,2025-04-28,Senior
CUST00442,Customer 00442,Female,27,Dhaka,2025-06-15,Adult
CUST00443,Customer 00443,Male,53,Chattogram,2023-02-01,Senior
CUST00444,Customer 00444,Female,54,Chattogram,2023-04-28,Senior
CUST00445,Customer 00445,Female,45,Rajshahi,2023-07-10,Senior
CUST00446,Customer 00446,Male,45,Dhaka,2023-03-15,Senior
CUST00447,Customer 00447,Male,59,Rangpur,2024-09-14,Senior
CUST00448,Customer 00448,Female,60,Dhaka,2025-05-20,Senior
CUST00449,Customer 00449,Male,38,Rajshahi,2024-08-08,Mid-age
CUST00450,Customer 00450,Female,41,Dhaka,2024-02-24,Mid-age
CUST00451,Customer 00451,Female,59,Dhaka,2024-04-17,Senior
CUST00452,Customer 00452,Female,57,Dhaka,2023-04-24,Senior
CUST00453,Customer 00453,Female,19,Chattogram,2023-11-26,Young
CUST00454,Customer 00454,Female,25,Dhaka,2023-12-05,Adult
CUST00455,Customer 00455,Male,44,Barishal,2023-08-26,Mid-age
CUST00456,Customer 00456,Male,39,Dhaka,2023-03-20,Mid-age
CUST00457,Customer 00457,Female,54,Rajshahi,2024-04-08,Senior
CUST00458,Customer 00458,Female,44,Barishal,2024-08-27,Mid-age
CUST00459,Customer 00459,Male,46,Sylhet,2024-07-15,Senior
CUST00460,Customer 00460,Male,20,Khulna,2023-10-12,Young
CUST00461,Customer 00461,Female,30,Rajshahi,2023-08-11,Adult
CUST00462,Customer 00462,Male,27,Dhaka,2024-08-15,Adult
CUST00463,Customer 00463,Female,53,Barishal,2024-01-08,Senior
CUST00464,Customer 00464,Male,26,Dhaka,2025-06-29,Adult
CUST00465,Customer 00465,Female,44,Sylhet,2025-04-07,Mid-age
CUST00466,Customer 00466,Male,51,Khulna,2023-08-24,Senior
CUST00467,Customer 00467,Female,18,Dhaka,2024-11-01,Young
CUST00468,Customer 00468,Male,49,Dhaka,2025-04-07,Senior
CUST00469,Customer 00469,Male,42,Chattogram,2025-02-01,Mid-age
CUST00470,Customer 00470,Female,46,Barishal,2024-01-15,Senior
CUST00471,Customer 00471,Male,24,Mymensingh,2025-03-04,Young
CUST00472,Customer 00472,Female,20,Chattogram,2024-09-05,Young
CUST00473,Customer 00473,Male,37,Rajshahi,2024-07-16,Mid-age
CUST00474,Customer 00474,Female,37,Rangpur,2024-02-24,Mid-age
CUST00475,Customer 00475,Male,47,Dhaka,2023-02-21,Senior
CUST00476,Customer 00476,Female,52,Dhaka,2025-03-29,Senior
CUST00477,Customer 00477,Male,52,Rajshahi,2023-07-24,Senior
CUST00478,Customer 00478,Female,56,Barishal,2025-09-27,Senior
CUST00479,Customer 00479,Male,44,Rangpur,2024-12-31,Mid-age
CUST00480,Customer 00480,Female,43,Chattogram,2023-09-14,Mid-age
CUST00481,Customer 00481,Female,31,Dhaka,2023-07-04,Adult
CUST00482,Customer 00482,Female,34,Chattogram,2023-05-25,Adult
CUST00483,Customer 00483,Male,35,Dhaka,2025-11-03,Mid-age
CUST00484,Customer 00484,Female,46,Dhaka,2023-09-03,Senior
CUST00485,Customer 00485,Male,37,Khulna,2023-07-06,Mid-age
CUST00486,Customer 00486,Female,44,Dhaka,2025-05-15,Mid-age
CUST00487,Customer 00487,Male,35,Barishal,2023-02-09,Mid-age
CUST00488,Customer 00488,Female,21,Chattogram,2024-08-23,Young
CUST00489,Customer 00489,Male,18,Sylhet,2025-08-19,Young
CUST00490,Customer 00490,Male,18,Dhaka,2025-09-12,Young
CUST00491,Customer 00491,Female,43,Dhaka,2023-01-09,Mid-age
CUST00492,Customer 00492,Male,37,Dhaka,2023-12-16,Mid-age
CUST00493,Customer 00493,Male,40,Mymensingh,2023-03-25,Mid-age
CUST00494,Customer 00494,Female,27,Barishal,2024-06-16,Adult
CUST00495,Customer 00495,Male,28,Chattogram,2025-09-15,Adult
CUST00496,Customer 00496,Male,58,Dhaka,2023-12-24,Senior
CUST00497,Customer 00497,Male,58,Mymensingh,2024-01-13,Senior
CUST00498,Customer 00498,Female,22,Dhaka,2023-06-21,Young
CUST00499,Customer 00499,Male,18,Dhaka,2025-11-14,Young
CUST00500,Customer 00500,Female,34,Sylhet,2024-01-28,Adult
CUST00501,Customer 00501,Male,39,Mymensingh,2024-12-02,Mid-age
CUST00502,Customer 00502,Male,51,Dhaka,2024-07-02,Senior
CUST00503,Customer 00503,Male,58,Dhaka,2025-02-22,Senior
CUST00504,Customer 00504,Female,46,Mymensingh,2023-11-28,Senior
CUST00505,Customer 00505,Male,21,Dhaka,2025-03-04,Young
CUST00506,Customer 00506,Male,22,Dhaka,2024-10-10,Young
CUST00507,Customer 00507,Female,28,Sylhet,2025-09-09,Adult
CUST00508,Customer 00508,Male,38,Rangpur,2025-11-18,Mid-age
CUST00509,Customer 00509,Female,52,Chattogram,2024-06-26,Senior
CUST00510,Customer 00510,Female,29,Mymensingh,2025-11-08,Adult
CUST00511,Customer 00511,Male,43,Rajshahi,2024-05-05,Mid-age
CUST00512,Customer 00512,Female,36,Dhaka,2023-10-10,Mid-age
CUST00513,Customer 00513,Male,24,Mymensingh,2025-05-11,Young
CUST00514,Customer 00514,Female,24,Chattogram,2023-04-23,Young
CUST00515,Customer 00515,Female,43,Dhaka,2025-05-11,Mid-age
CUST00516,Customer 00516,Male,57,Chattogram,2024-09-01,Senior
CUST00517,Customer 00517,Female,22,Dhaka,2024-05-22,Young
CUST00518,Customer 00518,Female,38,Dhaka,2024-04-10,Mid-age
CUST00519,Customer 00519,Female,31,Dhaka,2025-04-03,Adult
CUST00520,Customer 00520,Female,21,Chattogram,2024-08-31,Young
CUST00521,Customer 00521,Female,40,Barishal,2023-10-17,Mid-age
CUST00522,Customer 00522,Male,59,Sylhet,2025-05-17,Senior
CUST00523,Customer 00523,Female,37,Mymensingh,2025-02-20,Mid-age
CUST00524,Customer 00524,Male,32,Dhaka,2023-06-11,Adult
CUST00525,Customer 00525,Female,46,Dhaka,2024-09-15,Senior
CUST00526,Customer 00526,Male,25,Dhaka,2024-12-17,Adult
CUST00527,Customer 00527,Male,58,Dhaka,2024-07-20,Senior
CUST00528,Customer 00528,Female,36,Dhaka,2025-09-20,Mid-age
CUST00529,Customer 00529,Female,56,Barishal,2024-08-18,Senior
CUST00530,Customer 00530,Female,45,Rangpur,2025-08-16,Senior
CUST00531,Customer 00531,Male,44,Mymensingh,2025-10-09,Mid-age
CUST00532,Customer 00532,Female,21,Dhaka,2024-04-19,Young
CUST00533,Customer 00533,Male,32,Rangpur,2024-09-09,Adult
CUST00534,Customer 00534,Male,52,Dhaka,2024-10-02,Senior
CUST00535,Customer 00535,Male,54,Dhaka,2023-09-19,Senior
CUST00536,Customer 00536,Female,18,Rangpur,2023-06-11,Young
CUST00537,Customer 00537,Female,20,Sylhet,2023-06-30,Young
CUST00538,Customer 00538,Male,41,Dhaka,2024-12-25,Mid-age
CUST00539,Customer 00539,Male,44,Chattogram,2024-04-13,Mid-age
CUST00540,Customer 00540,Female,57,Dhaka,2023-01-21,Senior
CUST00541,Customer 00541,Male,53,Khulna,2023-09-17,Senior
CUST00542,Customer 00542,Female,51,Chattogram,2024-04-10,Senior
CUST00543,Customer 00543,Male,46,Mymensingh,2024-06-20,Senior
CUST00544,Customer 00544,Female,41,Dhaka,2025-08-09,Mid-age
CUST00545,Customer 00545,Male,41,Dhaka,2025-02-04,Mid-age
CUST00546,Customer 00546,Female,59,Chattogram,2025-08-16,Senior
CUST00547,Customer 00547,Male,21,Chattogram,2025-07-22,Young
CUST00548,Customer 00548,Female,20,Dhaka,2025-04-30,Young
CUST00549,Customer 00549,Female,51,Khulna,2024-06-16,Senior
CUST00550,Customer 00550,Male,40,Rangpur,2023-01-15,Mid-age
CUST00551,Customer 00551,Male,40,Mymensingh,2023-02-19,Mid-age
CUST00552,Customer 00552,Female,22,Barishal,2025-09-25,Young
CUST00553,Customer 00553,Male,48,Rangpur,2023-10-31,Senior
CUST00554,Customer 00554,Female,58,Chattogram,2024-02-20,Senior
CUST00555,Customer 00555,Male,23,Barishal,2023-11-01,Young
CUST00556,Customer 00556,Female,54,Dhaka,2023-07-15,Senior
CUST00557,Customer 00557,Female,27,Chattogram,2025-03-23,Adult
CUST00558,Customer 00558,Female,57,Dhaka,2025-03-10,Senior
CUST00559,Customer 00559,Female,24,Chattogram,2024-01-23,Young
CUST00560,Customer 00560,Female,56,Dhaka,2025-01-26,Senior
CUST00561,Customer 00561,Female,55,Mymensingh,2024-03-30,Senior
CUST00562,Customer 00562,Male,38,Dhaka,2024-12-13,Mid-age
CUST00563,Customer 00563,Male,37,Dhaka,2024-12-05,Mid-age
CUST00564,Customer 00564,Male,20,Chattogram,2025-04-27,Young
CUST00565,Customer 00565,Female,39,Dhaka,2023-06-24,Mid-age
CUST00566,Customer 00566,Female,21,Dhaka,2025-12-25,Young
CUST00567,Customer 00567,Female,45,Dhaka,2023-10-06,Senior
CUST00568,Customer 00568,Female,29,Chattogram,2025-01-27,Adult
CUST00569,Customer 00569,Male,55,Chattogram,2023-12-29,Senior
CUST00570,Customer 00570,Male,53,Barishal,2023-06-20,Senior
CUST00571,Customer 00571,Female,58,Khulna,2025-12-10,Senior
CUST00572,Customer 00572,Male,22,Chattogram,2024-10-26,Young
CUST00573,Customer 00573,Male,30,Dhaka,2024-08-14,Adult
CUST00574,Customer 00574,Female,40,Dhaka,2025-07-19,Mid-age
CUST00575,Customer 00575,Male,47,Khulna,2023-10-01,Senior
CUST00576,Customer 00576,Female,54,Dhaka,2024-05-22,Senior
CUST00577,Customer 00577,Male,42,Dhaka,2023-12-29,Mid-age
CUST00578,Customer 00578,Female,44,Barishal,2025-04-27,Mid-age
CUST00579,Customer 00579,Female,31,Chattogram,2024-10-16,Adult
CUST00580,Customer 00580,Female,53,Dhaka,2023-10-25,Senior
CUST00581,Customer 00581,Female,56,Dhaka,2024-05-08,Senior
CUST00582,Customer 00582,Male,33,Mymensingh,2024-06-29,Adult
CUST00583,Customer 00583,Female,39,Rangpur,2023-10-31,Mid-age
CUST00584,Customer 00584,Female,38,Rajshahi,2025-06-22,Mid-age
CUST00585,Customer 00585,Female,38,Chattogram,2023-08-27,Mid-age
CUST00586,Customer 00586,Male,25,Chattogram,2024-10-11,Adult
CUST00587,Customer 00587,Female,33,Mymensingh,2025-06-02,Adult
CUST00588,Customer 00588,Male,48,Mymensingh,2024-02-14,Senior
CUST00589,Customer 00589,Female,59,Dhaka,2024-12-26,Senior
CUST00590,Customer 00590,Male,27,Barishal,2025-11-12,Adult
CUST00591,Customer 00591,Male,49,Dhaka,2023-11-14,Senior
CUST00592,Customer 00592,Female,51,Dhaka,2024-06-08,Senior
CUST00593,Customer 00593,Male,26,Rajshahi,2025-06-23,Adult
CUST00594,Customer 00594,Female,34,Chattogram,2025-10-20,Adult
CUST00595,Customer 00595,Female,28,Mymensingh,2024-09-11,Adult
CUST00596,Customer 00596,Female,49,Dhaka,2025-08-10,Senior
CUST00597,Customer 00597,Male,27,Chattogram,2025-03-11,Adult
CUST00598,Customer 00598,Male,39,Rangpur,2025-07-04,Mid-age
CUST00599,Customer 00599,Female,34,Rangpur,2023-11-16,Adult
CUST00600,Customer 00600,Female,21,Dhaka,2025-05-25,Young
CUST00601,Customer 00601,Male,42,Dhaka,2023-11-25,Mid-age
CUST00602,Customer 00602,Female,38,Sylhet,2025-01-22,Mid-age
CUST00603,Customer 00603,Female,54,Dhaka,2024-10-18,Senior
CUST00604,Customer 00604,Female,55,Mymensingh,2025-11-03,Senior
CUST00605,Customer 00605,Male,18,Rangpur,2023-03-12,Young
CUST00606,Customer 00606,Male,42,Dhaka,2025-04-06,Mid-age
CUST00607,Customer 00607,Male,53,Dhaka,2025-05-14,Senior
CUST00608,Customer 00608,Female,34,Dhaka,2025-07-16,Adult
CUST00609,Customer 00609,Female,58,Rangpur,2023-04-16,Senior
CUST00610,Customer 00610,Female,41,Dhaka,2025-02-08,Mid-age
CUST00611,Customer 00611,Male,19,Chattogram,2025-06-11,Young
CUST00612,Customer 00612,Female,57,Chattogram,2023-07-15,Senior
CUST00613,Customer 00613,Female,32,Sylhet,2023-05-25,Adult
CUST00614,Customer 00614,Female,49,Dhaka,2024-04-15,Senior
CUST00615,Customer 00615,Female,56,Dhaka,2023-08-04,Senior
CUST00616,Customer 00616,Male,23,Mymensingh,2023-09-17,Young
CUST00617,Customer 00617,Male,18,Rangpur,2025-07-22,Young
CUST00618,Customer 00618,Female,40,Khulna,2024-07-28,Mid-age
CUST00619,Customer 00619,Male,56,Dhaka,2023-10-12,Senior
CUST00620,Customer 00620,Male,34,Dhaka,2024-04-28,Adult
CUST00621,Customer 00621,Female,51,Sylhet,2024-01-07,Senior
CUST00622,Customer 00622,Female,58,Dhaka,2023-03-11,Senior
CUST00623,Customer 00623,Male,46,Rangpur,2024-01-14,Senior
CUST00624,Customer 00624,Female,26,Sylhet,2023-10-29,Adult
CUST00625,Customer 00625,Male,30,Dhaka,2023-09-12,Adult
CUST00626,Customer 00626,Female,23,Rangpur,2025-08-01,Young
CUST00627,Customer 00627,Male,23,Mymensingh,2024-11-22,Young
CUST00628,Customer 00628,Female,37,Dhaka,2025-04-13,Mid-age
CUST00629,Customer 00629,Male,20,Chattogram,2024-12-17,Young
CUST00630,Customer 00630,Male,34,Dhaka,2024-02-28,Adult
CUST00631,Customer 00631,Male,29,Chattogram,2023-08-01,Adult
CUST00632,Customer 00632,Female,18,Dhaka,2023-04-10,Young
CUST00633,Customer 00633,Male,34,Sylhet,2023-11-04,Adult
CUST00634,Customer 00634,Male,20,Mymensingh,2024-11-08,Young
CUST00635,Customer 00635,Female,43,Chattogram,2024-04-19,Mid-age
CUST00636,Customer 00636,Female,32,Dhaka,2023-04-22,Adult
CUST00637,Customer 00637,Male,53,Sylhet,2023-07-02,Senior
CUST00638,Customer 00638,Male,49,Dhaka,2024-08-19,Senior
CUST00639,Customer 00639,Female,49,Rangpur,2023-06-14,Senior
CUST00640,Customer 00640,Female,21,Chattogram,2025-03-25,Young
CUST00641,Customer 00641,Female,35,Dhaka,2023-03-31,Mid-age
CUST00642,Customer 00642,Female,36,Dhaka,2024-03-30,Mid-age
CUST00643,Customer 00643,Female,60,Khulna,2023-08-26,Senior
CUST00644,Customer 00644,Male,52,Dhaka,2024-06-17,Senior
CUST00645,Customer 00645,Female,57,Khulna,2024-12-27,Senior
CUST00646,Customer 00646,Male,31,Dhaka,2023-02-27,Adult
CUST00647,Customer 00647,Male,50,Dhaka,2024-06-25,Senior
CUST00648,Customer 00648,Male,31,Chattogram,2025-10-18,Adult
CUST00649,Customer 00649,Female,51,Mymensingh,2024-09-09,Senior
CUST00650,Customer 00650,Male,21,Mymensingh,2024-02-06,Young
CUST00651,Customer 00651,Male,41,Dhaka,2025-10-02,Mid-age
CUST00652,Customer 00652,Female,46,Dhaka,2025-04-21,Senior
CUST00653,Customer 00653,Male,36,Dhaka,2025-04-18,Mid-age
CUST00654,Customer 00654,Male,23,Chattogram,2024-06-02,Young
CUST00655,Customer 00655,Female,50,Chattogram,2023-07-16,Senior
CUST00656,Customer 00656,Male,57,Rangpur,2023-02-15,Senior
CUST00657,Customer 00657,Male,36,Mymensingh,2024-06-13,Mid-age
CUST00658,Customer 00658,Male,18,Chattogram,2025-09-26,Young
CUST00659,Customer 00659,Female,22,Chattogram,2025-02-14,Young
CUST00660,Customer 00660,Female,44,Rangpur,2023-03-15,Mid-age
CUST00661,Customer 00661,Female,33,Barishal,2023-12-01,Adult
CUST00662,Customer 00662,Male,23,Dhaka,2024-09-24,Young
CUST00663,Customer 00663,Male,57,Dhaka,2024-11-18,Senior
CUST00664,Customer 00664,Female,30,Chattogram,2024-07-28,Adult
CUST00665,Customer 00665,Male,52,Dhaka,2023-10-23,Senior
CUST00666,Customer 00666,Male,36,Dhaka,2025-11-04,Mid-age
CUST00667,Customer 00667,Female,29,Dhaka,2024-04-22,Adult
CUST00668,Customer 00668,Female,33,Rajshahi,2024-09-24,Adult
CUST00669,Customer 00669,Male,60,Dhaka,2023-11-15,Senior
CUST00670,Customer 00670,Male,27,Dhaka,2024-04-23,Adult
CUST00671,Customer 00671,Male,42,Dhaka,2024-01-03,Mid-age
CUST00672,Customer 00672,Female,37,Barishal,2024-01-02,Mid-age
CUST00673,Customer 00673,Female,48,Rangpur,2024-01-13,Senior
CUST00674,Customer 00674,Female,21,Chattogram,2024-04-07,Young
CUST00675,Customer 00675,Female,40,Chattogram,2023-01-13,Mid-age
CUST00676,Customer 00676,Male,19,Mymensingh,2024-06-19,Young
CUST00677,Customer 00677,Female,39,Dhaka,2023-09-27,Mid-age
CUST00678,Customer 00678,Female,54,Dhaka,2025-12-29,Senior
CUST00679,Customer 00679,Female,25,Dhaka,2024-01-11,Adult
CUST00680,Customer 00680,Female,24,Dhaka,2023-09-14,Young
CUST00681,Customer 00681,Female,31,Dhaka,2023-08-05,Adult
CUST00682,Customer 00682,Male,20,Rangpur,2024-03-25,Young
CUST00683,Customer 00683,Male,33,Sylhet,2025-06-12,Adult
CUST00684,Customer 00684,Female,36,Chattogram,2023-02-01,Mid-age
CUST00685,Customer 00685,Male,35,Mymensingh,2024-09-01,Mid-age
CUST00686,Customer 00686,Female,33,Dhaka,2025-07-05,Adult
CUST00687,Customer 00687,Female,25,Dhaka,2024-06-25,Adult
CUST00688,Customer 00688,Male,50,Sylhet,2023-05-28,Senior
CUST00689,Customer 00689,Male,29,Sylhet,2024-10-17,Adult
CUST00690,Customer 00690,Female,28,Dhaka,2023-03-08,Adult
CUST00691,Customer 00691,Female,22,Chattogram,2024-07-23,Young
CUST00692,Customer 00692,Female,44,Rajshahi,2025-01-17,Mid-age
CUST00693,Customer 00693,Male,29,Rajshahi,2024-03-18,Adult
CUST00694,Customer 00694,Female,34,Sylhet,2025-06-15,Adult
CUST00695,Customer 00695,Female,23,Dhaka,2024-02-03,Young
CUST00696,Customer 00696,Female,50,Dhaka,2024-04-26,Senior
CUST00697,Customer 00697,Male,22,Chattogram,2025-08-05,Young
CUST00698,Customer 00698,Female,45,Dhaka,2023-07-05,Senior
CUST00699,Customer 00699,Female,31,Mymensingh,2023-06-18,Adult
CUST00700,Customer 00700,Male,22,Chattogram,2024-05-21,Young
CUST00701,Customer 00701,Female,50,Dhaka,2024-06-04,Senior
CUST00702,Customer 00702,Female,58,Khulna,2023-06-10,Senior
CUST00703,Customer 00703,Male,36,Chattogram,2023-12-06,Mid-age
CUST00704,Customer 00704,Female,39,Dhaka,2024-12-04,Mid-age
CUST00705,Customer 00705,Male,22,Barishal,2025-04-02,Young
CUST00706,Customer 00706,Male,19,Rangpur,2025-02-23,Young
CUST00707,Customer 00707,Female,47,Rajshahi,2023-05-11,Senior
CUST00708,Customer 00708,Female,56,Dhaka,2024-05-30,Senior
CUST00709,Customer 00709,Female,21,Sylhet,2024-06-19,Young
CUST00710,Customer 00710,Female,50,Khulna,2025-01-10,Senior
CUST00711,Customer 00711,Male,30,Dhaka,2025-02-19,Adult
CUST00712,Customer 00712,Female,37,Dhaka,2024-08-10,Mid-age
CUST00713,Customer 00713,Male,24,Rangpur,2024-12-26,Young
CUST00714,Customer 00714,Female,32,Dhaka,2025-07-31,Adult
CUST00715,Customer 00715,Female,40,Khulna,2025-09-23,Mid-age
CUST00716,Customer 00716,Female,31,Chattogram,2024-01-11,Adult
CUST00717,Customer 00717,Male,40,Chattogram,2023-07-23,Mid-age
CUST00718,Customer 00718,Female,36,Dhaka,2025-09-15,Mid-age
CUST00719,Customer 00719,Female,46,Barishal,2024-10-22,Senior
CUST00720,Customer 00720,Female,37,Dhaka,2023-03-16,Mid-age
CUST00721,Customer 00721,Female,46,Chattogram,2025-01-10,Senior
CUST00722,Customer 00722,Male,41,Rajshahi,2023-10-31,Mid-age
CUST00723,Customer 00723,Female,35,Rajshahi,2025-12-21,Mid-age
CUST00724,Customer 00724,Male,27,Mymensingh,2024-07-23,Adult
CUST00725,Customer 00725,Male,58,Chattogram,2025-02-24,Senior
CUST00726,Customer 00726,Male,25,Chattogram,2025-09-13,Adult
CUST00727,Customer 00727,Male,43,Mymensingh,2023-08-17,Mid-age
CUST00728,Customer 00728,Male,46,Rajshahi,2025-12-07,Senior
CUST00729,Customer 00729,Male,27,Dhaka,2023-09-25,Adult
CUST00730,Customer 00730,Female,34,Dhaka,2024-12-27,Adult
CUST00731,Customer 00731,Male,19,Barishal,2025-03-12,Young
CUST00732,Customer 00732,Male,23,Dhaka,2023-09-11,Young
CUST00733,Customer 00733,Male,22,Rajshahi,2025-08-14,Young
CUST00734,Customer 00734,Female,45,Chattogram,2025-05-19,Senior
CUST00735,Customer 00735,Female,58,Dhaka,2023-03-28,Senior
CUST00736,Customer 00736,Male,22,Sylhet,2025-11-14,Young
CUST00737,Customer 00737,Female,35,Dhaka,2023-08-10,Mid-age
CUST00738,Customer 00738,Male,43,Chattogram,2025-09-16,Mid-age
CUST00739,Customer 00739,Male,37,Chattogram,2024-02-01,Mid-age
CUST00740,Customer 00740,Female,58,Chattogram,2025-07-26,Senior
CUST00741,Customer 00741,Male,44,Khulna,2024-05-25,Mid-age
CUST00742,Customer 00742,Female,29,Barishal,2024-07-14,Adult
CUST00743,Customer 00743,Female,24,Khulna,2025-04-25,Young
CUST00744,Customer 00744,Male,20,Dhaka,2024-03-15,Young
CUST00745,Customer 00745,Male,27,Dhaka,2023-11-07,Adult
CUST00746,Customer 00746,Female,51,Chattogram,2023-02-04,Senior
CUST00747,Customer 00747,Male,42,Mymensingh,2023-08-05,Mid-age
CUST00748,Customer 00748,Male,52,Barishal,2024-12-21,Senior
CUST00749,Customer 00749,Male,33,Barishal,2025-10-12,Adult
CUST00750,Customer 00750,Female,19,Dhaka,2024-06-02,Young
CUST00751,Customer 00751,Female,41,Chattogram,2023-09-26,Mid-age
CUST00752,Customer 00752,Male,27,Chattogram,2024-09-29,Adult
CUST00753,Customer 00753,Female,55,Dhaka,2024-04-19,Senior
CUST00754,Customer 00754,Female,39,Dhaka,2023-03-31,Mid-age
CUST00755,Customer 00755,Female,43,Mymensingh,2025-12-01,Mid-age
CUST00756,Customer 00756,Female,60,Dhaka,2025-09-08,Senior
CUST00757,Customer 00757,Female,56,Dhaka,2023-10-15,Senior
CUST00758,Customer 00758,Male,44,Dhaka,2024-04-25,Mid-age
CUST00759,Customer 00759,Male,46,Mymensingh,2024-09-28,Senior
CUST00760,Customer 00760,Male,55,Sylhet,2024-05-15,Senior
CUST00761,Customer 00761,Female,37,Rajshahi,2023-02-21,Mid-age
CUST00762,Customer 00762,Female,44,Rangpur,2023-04-13,Mid-age
CUST00763,Customer 00763,Male,58,Dhaka,2024-11-29,Senior
CUST00764,Customer 00764,Female,37,Sylhet,2025-11-03,Mid-age
CUST00765,Customer 00765,Male,36,Dhaka,2024-04-14,Mid-age
CUST00766,Customer 00766,Male,37,Dhaka,2024-03-02,Mid-age
CUST00767,Customer 00767,Male,52,Barishal,2023-04-20,Senior
CUST00768,Customer 00768,Female,19,Khulna,2024-05-29,Young
CUST00769,Customer 00769,Female,47,Dhaka,2023-03-09,Senior
CUST00770,Customer 00770,Male,51,Dhaka,2024-01-24,Senior
CUST00771,Customer 00771,Male,39,Chattogram,2023-11-04,Mid-age
CUST00772,Customer 00772,Male,20,Dhaka,2025-12-25,Young
CUST00773,Customer 00773,Male,23,Dhaka,2024-04-04,Young
CUST00774,Customer 00774,Female,32,Dhaka,2023-12-13,Adult
CUST00775,Customer 00775,Female,44,Dhaka,2023-11-21,Mid-age
CUST00776,Customer 00776,Male,27,Barishal,2024-10-28,Adult
CUST00777,Customer 00777,Male,26,Dhaka,2025-11-22,Adult
CUST00778,Customer 00778,Female,50,Dhaka,2023-03-09,Senior
CUST00779,Customer 00779,Female,49,Chattogram,2023-07-06,Senior
CUST00780,Customer 00780,Male,23,Rangpur,2023-07-11,Young
CUST00781,Customer 00781,Male,58,Dhaka,2024-03-03,Senior
CUST00782,Customer 00782,Male,53,Dhaka,2023-08-04,Senior
CUST00783,Customer 00783,Female,19,Dhaka,2023-06-26,Young
CUST00784,Customer 00784,Female,46,Khulna,2024-07-14,Senior
CUST00785,Customer 00785,Female,21,Chattogram,2025-05-30,Young
CUST00786,Customer 00786,Male,18,Barishal,2024-09-17,Young
CUST00787,Customer 00787,Male,36,Mymensingh,2024-08-29,Mid-age
CUST00788,Customer 00788,Female,43,Barishal,2023-06-28,Mid-age
CUST00789,Customer 00789,Female,42,Sylhet,2024-01-30,Mid-age
CUST00790,Customer 00790,Male,27,Chattogram,2025-05-25,Adult
CUST00791,Customer 00791,Female,32,Dhaka,2025-08-19,Adult
CUST00792,Customer 00792,Female,39,Mymensingh,2023-07-17,Mid-age
CUST00793,Customer 00793,Male,38,Chattogram,2025-08-26,Mid-age
CUST00794,Customer 00794,Female,39,Dhaka,2024-10-30,Mid-age
CUST00795,Customer 00795,Male,53,Rajshahi,2024-04-01,Senior
CUST00796,Customer 00796,Male,51,Dhaka,2023-03-13,Senior
CUST00797,Customer 00797,Male,47,Sylhet,2023-08-11,Senior
CUST00798,Customer 00798,Male,42,Sylhet,2023-10-03,Mid-age
CUST00799,Customer 00799,Male,45,Chattogram,2024-07-26,Senior
CUST00800,Customer 00800,Male,18,Barishal,2025-07-12,Young
CUST00801,Customer 00801,Male,21,Dhaka,2024-04-15,Young
CUST00802,Customer 00802,Female,24,Chattogram,2024-03-29,Young
CUST00803,Customer 00803,Male,26,Chattogram,2025-08-26,Adult
CUST00804,Customer 00804,Male,53,Rajshahi,2023-01-07,Senior
CUST00805,Customer 00805,Female,36,Khulna,2023-07-07,Mid-age
CUST00806,Customer 00806,Female,18,Chattogram,2023-01-04,Young
CUST00807,Customer 00807,Female,27,Rajshahi,2025-06-25,Adult
CUST00808,Customer 00808,Male,53,Dhaka,2025-11-04,Senior
CUST00809,Customer 00809,Female,26,Mymensingh,2025-08-17,Adult
CUST00810,Customer 00810,Male,59,Chattogram,2024-06-08,Senior
CUST00811,Customer 00811,Male,49,Khulna,2024-09-21,Senior
CUST00812,Customer 00812,Male,49,Dhaka,2025-02-13,Senior
CUST00813,Customer 00813,Male,23,Dhaka,2023-12-26,Young
CUST00814,Customer 00814,Female,55,Chattogram,2024-06-01,Senior
CUST00815,Customer 00815,Female,34,Rangpur,2025-11-19,Adult
CUST00816,Customer 00816,Male,27,Chattogram,2025-07-09,Adult
CUST00817,Customer 00817,Male,44,Mymensingh,2025-05-01,Mid-age
CUST00818,Customer 00818,Male,52,Chattogram,2025-07-23,Senior
CUST00819,Customer 00819,Female,38,Chattogram,2025-06-19,Mid-age
CUST00820,Customer 00820,Male,42,Dhaka,2024-02-03,Mid-age
CUST00821,Customer 00821,Male,45,Barishal,2023-06-17,Senior
CUST00822,Customer 00822,Female,32,Dhaka,2024-01-12,Adult
CUST00823,Customer 00823,Female,21,Rangpur,2024-08-29,Young
CUST00824,Customer 00824,Male,46,Rangpur,2025-10-07,Senior
CUST00825,Customer 00825,Female,26,Mymensingh,2024-08-11,Adult
CUST00826,Customer 00826,Female,44,Chattogram,2023-02-17,Mid-age
CUST00827,Customer 00827,Male,43,Rajshahi,2025-10-21,Mid-age
CUST00828,Customer 00828,Female,36,Khulna,2023-06-22,Mid-age
CUST00829,Customer 00829,Male,45,Dhaka,2024-05-20,Senior
CUST00830,Customer 00830,Female,34,Sylhet,2024-02-02,Adult
CUST00831,Customer 00831,Male,60,Dhaka,2023-10-21,Senior
CUST00832,Customer 00832,Male,58,Chattogram,2024-07-05,Senior
CUST00833,Customer 00833,Male,59,Dhaka,2025-04-29,Senior
CUST00834,Customer 00834,Female,37,Dhaka,2025-11-05,Mid-age
CUST00835,Customer 00835,Male,57,Dhaka,2025-06-03,Senior
CUST00836,Customer 00836,Female,56,Chattogram,2025-09-30,Senior
CUST00837,Customer 00837,Male,40,Sylhet,2023-05-14,Mid-age
CUST00838,Customer 00838,Male,49,Dhaka,2025-02-09,Senior
CUST00839,Customer 00839,Female,50,Chattogram,2024-05-22,Senior
CUST00840,Customer 00840,Male,22,Dhaka,2025-12-25,Young
CUST00841,Customer 00841,Male,60,Sylhet,2024-04-24,Senior
CUST00842,Customer 00842,Female,51,Sylhet,2025-05-12,Senior
CUST00843,Customer 00843,Male,57,Chattogram,2024-04-03,Senior
CUST00844,Customer 00844,Male,28,Khulna,2024-09-17,Adult
CUST00845,Customer 00845,Male,20,Dhaka,2023-06-08,Young
CUST00846,Customer 00846,Male,50,Khulna,2023-06-10,Senior
CUST00847,Customer 00847,Female,28,Chattogram,2025-07-28,Adult
CUST00848,Customer 00848,Female,33,Chattogram,2023-06-04,Adult
CUST00849,Customer 00849,Male,35,Rajshahi,2024-04-30,Mid-age
CUST00850,Customer 00850,Female,47,Dhaka,2024-03-07,Senior
CUST00851,Customer 00851,Male,27,Rajshahi,2025-11-16,Adult
CUST00852,Customer 00852,Female,35,Sylhet,2025-09-30,Mid-age
CUST00853,Customer 00853,Male,55,Dhaka,2025-11-01,Senior
CUST00854,Customer 00854,Male,36,Dhaka,2023-03-08,Mid-age
CUST00855,Customer 00855,Male,53,Dhaka,2024-06-25,Senior
CUST00856,Customer 00856,Male,30,Mymensingh,2023-04-06,Adult
CUST00857,Customer 00857,Male,20,Rajshahi,2023-08-03,Young
CUST00858,Customer 00858,Male,27,Dhaka,2023-07-13,Adult
CUST00859,Customer 00859,Female,55,Dhaka,2025-06-03,Senior
CUST00860,Customer 00860,Male,18,Sylhet,2023-02-08,Young
CUST00861,Customer 00861,Female,44,Barishal,2025-07-27,Mid-age
CUST00862,Customer 00862,Male,25,Dhaka,2025-07-27,Adult
CUST00863,Customer 00863,Female,59,Dhaka,2023-07-25,Senior
CUST00864,Customer 00864,Female,34,Rangpur,2025-07-30,Adult
CUST00865,Customer 00865,Female,26,Dhaka,2024-07-08,Adult
CUST00866,Customer 00866,Male,23,Dhaka,2024-04-28,Young
CUST00867,Customer 00867,Male,60,Mymensingh,2025-02-09,Senior
CUST00868,Customer 00868,Female,42,Sylhet,2023-09-06,Mid-age
CUST00869,Customer 00869,Male,56,Dhaka,2024-01-08,Senior
CUST00870,Customer 00870,Female,45,Dhaka,2025-05-28,Senior
CUST00871,Customer 00871,Male,50,Dhaka,2025-04-14,Senior
CUST00872,Customer 00872,Female,54,Dhaka,2025-05-20,Senior
CUST00873,Customer 00873,Female,26,Rangpur,2024-12-02,Adult
CUST00874,Customer 00874,Male,35,Chattogram,2023-05-18,Mid-age
CUST00875,Customer 00875,Female,38,Khulna,2025-08-05,Mid-age
CUST00876,Customer 00876,Male,19,Rangpur,2024-04-01,Young
CUST00877,Customer 00877,Female,60,Chattogram,2025-03-24,Senior
CUST00878,Customer 00878,Female,55,Dhaka,2025-04-02,Senior
CUST00879,Customer 00879,Male,57,Chattogram,2025-07-30,Senior
CUST00880,Customer 00880,Male,53,Rangpur,2024-03-19,Senior
CUST00881,Customer 00881,Male,60,Barishal,2023-12-19,Senior
CUST00882,Customer 00882,Female,54,Dhaka,2025-09-22,Senior
CUST00883,Customer 00883,Male,32,Rajshahi,2025-03-04,Adult
CUST00884,Customer 00884,Female,45,Sylhet,2024-02-15,Senior
CUST00885,Customer 00885,Female,35,Rangpur,2024-11-08,Mid-age
CUST00886,Customer 00886,Male,51,Dhaka,2024-03-28,Senior
CUST00887,Customer 00887,Male,39,Chattogram,2024-02-23,Mid-age
CUST00888,Customer 00888,Female,28,Rangpur,2024-03-25,Adult
CUST00889,Customer 00889,Female,30,Chattogram,2025-09-21,Adult
CUST00890,Customer 00890,Male,21,Chattogram,2023-02-20,Young
CUST00891,Customer 00891,Male,39,Dhaka,2023-07-29,Mid-age
CUST00892,Customer 00892,Male,24,Dhaka,2025-06-06,Young
CUST00893,Customer 00893,Male,60,Dhaka,2025-09-24,Senior
CUST00894,Customer 00894,Male,41,Mymensingh,2025-09-19,Mid-age
CUST00895,Customer 00895,Female,21,Dhaka,2025-04-29,Young
CUST00896,Customer 00896,Female,45,Chattogram,2024-09-18,Senior
CUST00897,Customer 00897,Female,32,Rajshahi,2024-11-09,Adult
CUST00898,Customer 00898,Female,18,Dhaka,2025-02-15,Young
CUST00899,Customer 00899,Male,20,Chattogram,2024-10-24,Young
CUST00900,Customer 00900,Male,31,Khulna,2023-09-25,Adult
CUST00901,Customer 00901,Male,55,Rangpur,2023-04-26,Senior
CUST00902,Customer 00902,Female,18,Sylhet,2025-01-23,Young
CUST00903,Customer 00903,Female,55,Rajshahi,2025-11-29,Senior
CUST00904,Customer 00904,Male,55,Dhaka,2023-07-01,Senior
CUST00905,Customer 00905,Male,38,Mymensingh,2025-06-21,Mid-age
CUST00906,Customer 00906,Female,46,Dhaka,2025-08-03,Senior
CUST00907,Customer 00907,Female,22,Khulna,2023-09-15,Young
CUST00908,Customer 00908,Male,27,Dhaka,2024-05-23,Adult
CUST00909,Customer 00909,Male,45,Mymensingh,2023-04-02,Senior
CUST00910,Customer 00910,Female,38,Khulna,2023-05-29,Mid-age
CUST00911,Customer 00911,Male,24,Khulna,2023-04-27,Young
CUST00912,Customer 00912,Male,20,Dhaka,2024-04-02,Young
CUST00913,Customer 00913,Male,37,Chattogram,2024-07-18,Mid-age
CUST00914,Customer 00914,Female,36,Sylhet,2025-03-24,Mid-age
CUST00915,Customer 00915,Female,52,Khulna,2023-02-14,Senior
CUST00916,Customer 00916,Female,21,Dhaka,2025-02-12,Young
CUST00917,Customer 00917,Female,22,Mymensingh,2023-08-22,Young
CUST00918,Customer 00918,Female,18,Rangpur,2023-07-16,Young
CUST00919,Customer 00919,Female,21,Dhaka,2023-01-25,Young
CUST00920,Customer 00920,Female,29,Barishal,2024-01-30,Adult
CUST00921,Customer 00921,Male,44,Chattogram,2024-12-14,Mid-age
CUST00922,Customer 00922,Male,59,Chattogram,2025-11-25,Senior
CUST00923,Customer 00923,Male,40,Dhaka,2023-08-11,Mid-age
CUST00924,Customer 00924,Male,42,Sylhet,2025-05-13,Mid-age
CUST00925,Customer 00925,Male,38,Khulna,2024-06-13,Mid-age
CUST00926,Customer 00926,Male,41,Chattogram,2023-09-14,Mid-age
CUST00927,Customer 00927,Male,42,Sylhet,2024-10-15,Mid-age
CUST00928,Customer 00928,Female,49,Rajshahi,2024-08-13,Senior
CUST00929,Customer 00929,Female,49,Khulna,2024-03-19,Senior
CUST00930,Customer 00930,Male,22,Dhaka,2024-02-22,Young
CUST00931,Customer 00931,Male,53,Rangpur,2024-07-27,Senior
CUST00932,Customer 00932,Female,59,Chattogram,2023-05-09,Senior
CUST00933,Customer 00933,Male,59,Dhaka,2025-10-07,Senior
CUST00934,Customer 00934,Male,56,Dhaka,2023-12-07,Senior
CUST00935,Customer 00935,Female,33,Chattogram,2025-03-20,Adult
CUST00936,Customer 00936,Male,50,Rangpur,2025-09-18,Senior
CUST00937,Customer 00937,Female,38,Dhaka,2023-04-10,Mid-age
CUST00938,Customer 00938,Male,26,Khulna,2023-02-08,Adult
CUST00939,Customer 00939,Female,23,Dhaka,2023-09-20,Young
CUST00940,Customer 00940,Female,52,Chattogram,2023-05-30,Senior
CUST00941,Customer 00941,Female,56,Mymensingh,2024-11-20,Senior
CUST00942,Customer 00942,Male,39,Khulna,2025-03-23,Mid-age
CUST00943,Customer 00943,Female,58,Dhaka,2023-08-07,Senior
CUST00944,Customer 00944,Male,22,Chattogram,2025-06-24,Young
CUST00945,Customer 00945,Male,59,Dhaka,2023-09-01,Senior
CUST00946,Customer 00946,Male,40,Chattogram,2025-06-04,Mid-age
CUST00947,Customer 00947,Male,34,Khulna,2024-08-09,Adult
CUST00948,Customer 00948,Female,29,Khulna,2024-06-01,Adult
CUST00949,Customer 00949,Female,40,Dhaka,2025-11-10,Mid-age
CUST00950,Customer 00950,Male,33,Mymensingh,2023-07-09,Adult
CUST00951,Customer 00951,Male,20,Sylhet,2025-07-03,Young
CUST00952,Customer 00952,Female,47,Dhaka,2024-09-06,Senior
CUST00953,Customer 00953,Male,39,Chattogram,2025-05-05,Mid-age
CUST00954,Customer 00954,Female,26,Sylhet,2024-04-10,Adult
CUST00955,Customer 00955,Male,46,Chattogram,2023-04-09,Senior
CUST00956,Customer 00956,Male,54,Chattogram,2025-04-09,Senior
CUST00957,Customer 00957,Female,40,Chattogram,2025-09-23,Mid-age
CUST00958,Customer 00958,Male,30,Dhaka,2023-02-25,Adult
CUST00959,Customer 00959,Female,49,Barishal,2025-11-11,Senior
CUST00960,Customer 00960,Male,40,Chattogram,2024-08-02,Mid-age
CUST00961,Customer 00961,Male,34,Dhaka,2023-07-04,Adult
CUST00962,Customer 00962,Male,57,Khulna,2024-06-05,Senior
CUST00963,Customer 00963,Female,38,Mymensingh,2023-09-21,Mid-age
CUST00964,Customer 00964,Male,19,Mymensingh,2025-11-27,Young
CUST00965,Customer 00965,Male,54,Dhaka,2025-09-29,Senior
CUST00966,Customer 00966,Male,23,Dhaka,2023-05-03,Young
CUST00967,Customer 00967,Male,35,Chattogram,2023-10-28,Mid-age
CUST00968,Customer 00968,Female,47,Dhaka,2025-04-12,Senior
CUST00969,Customer 00969,Female,39,Mymensingh,2025-12-26,Mid-age
CUST00970,Customer 00970,Male,50,Dhaka,2024-10-06,Senior
CUST00971,Customer 00971,Female,47,Dhaka,2025-05-23,Senior
CUST00972,Customer 00972,Male,34,Chattogram,2024-01-29,Adult
CUST00973,Customer 00973,Male,60,Chattogram,2024-10-22,Senior
CUST00974,Customer 00974,Male,49,Barishal,2023-03-10,Senior
CUST00975,Customer 00975,Female,59,Chattogram,2025-01-31,Senior
CUST00976,Customer 00976,Female,31,Dhaka,2023-11-16,Adult
CUST00977,Customer 00977,Female,27,Dhaka,2023-06-26,Adult
CUST00978,Customer 00978,Female,53,Chattogram,2024-08-06,Senior
CUST00979,Customer 00979,Female,51,Dhaka,2024-08-04,Senior
CUST00980,Customer 00980,Female,26,Sylhet,2023-04-21,Adult
CUST00981,Customer 00981,Female,59,Sylhet,2025-09-25,Senior
CUST00982,Customer 00982,Female,45,Khulna,2025-01-27,Senior
CUST00983,Customer 00983,Female,28,Mymensingh,2023-10-10,Adult
CUST00984,Customer 00984,Male,31,Rangpur,2023-07-13,Adult
CUST00985,Customer 00985,Female,56,Mymensingh,2025-08-24,Senior
CUST00986,Customer 00986,Female,36,Dhaka,2025-12-06,Mid-age
CUST00987,Customer 00987,Female,32,Dhaka,2025-09-04,Adult
CUST00988,Customer 00988,Female,45,Dhaka,2023-12-08,Senior
CUST00989,Customer 00989,Female,41,Rangpur,2024-06-05,Mid-age
CUST00990,Customer 00990,Female,25,Mymensingh,2025-03-11,Adult
CUST00991,Customer 00991,Female,60,Rangpur,2025-06-21,Senior
CUST00992,Customer 00992,Female,26,Dhaka,2023-05-11,Adult
CUST00993,Customer 00993,Female,50,Mymensingh,2025-03-24,Senior
CUST00994,Customer 00994,Female,50,Chattogram,2023-03-02,Senior
CUST00995,Customer 00995,Female,36,Dhaka,2023-06-13,Mid-age
CUST00996,Customer 00996,Male,20,Chattogram,2023-09-29,Young
CUST00997,Customer 00997,Male,27,Dhaka,2023-05-13,Adult
CUST00998,Customer 00998,Female,57,Chattogram,2025-09-24,Senior
CUST00999,Customer 00999,Female,59,Dhaka,2023-02-07,Senior
CUST01000,Customer 01000,Male,18,Chattogram,2024-09-08,Young
CUST01001,Customer 01001,Female,46,Sylhet,2024-04-18,Senior
CUST01002,Customer 01002,Male,51,Rangpur,2023-02-28,Senior
CUST01003,Customer 01003,Male,30,Rajshahi,2024-08-11,Adult
CUST01004,Customer 01004,Male,18,Chattogram,2024-05-13,Young
CUST01005,Customer 01005,Male,51,Barishal,2024-07-20,Senior
CUST01006,Customer 01006,Male,46,Rangpur,2024-07-20,Senior
CUST01007,Customer 01007,Female,30,Dhaka,2025-06-22,Adult
CUST01008,Customer 01008,Male,46,Chattogram,2024-01-18,Senior
CUST01009,Customer 01009,Female,56,Dhaka,2023-03-26,Senior
CUST01010,Customer 01010,Female,41,Dhaka,2024-09-18,Mid-age
CUST01011,Customer 01011,Male,43,Rajshahi,2025-04-05,Mid-age
CUST01012,Customer 01012,Male,34,Rangpur,2023-10-20,Adult
CUST01013,Customer 01013,Female,24,Dhaka,2025-12-08,Young
CUST01014,Customer 01014,Male,30,Barishal,2025-12-26,Adult
CUST01015,Customer 01015,Male,22,Rangpur,2025-02-25,Young
CUST01016,Customer 01016,Female,43,Rangpur,2023-05-09,Mid-age
CUST01017,Customer 01017,Female,20,Dhaka,2023-01-29,Young
CUST01018,Customer 01018,Male,24,Rangpur,2024-11-22,Young
CUST01019,Customer 01019,Female,56,Dhaka,2023-05-13,Senior
CUST01020,Customer 01020,Male,18,Chattogram,2024-10-07,Young
CUST01021,Customer 01021,Male,34,Dhaka,2024-11-19,Adult
CUST01022,Customer 01022,Male,60,Dhaka,2024-06-17,Senior
CUST01023,Customer 01023,Female,42,Khulna,2024-05-30,Mid-age
CUST01024,Customer 01024,Female,20,Chattogram,2025-08-17,Young
CUST01025,Customer 01025,Female,32,Dhaka,2023-06-14,Adult
CUST01026,Customer 01026,Female,46,Dhaka,2025-07-15,Senior
CUST01027,Customer 01027,Female,60,Rajshahi,2025-07-21,Senior
CUST01028,Customer 01028,Male,49,Dhaka,2024-07-10,Senior
CUST01029,Customer 01029,Male,43,Barishal,2024-11-10,Mid-age
CUST01030,Customer 01030,Male,33,Dhaka,2025-09-19,Adult
CUST01031,Customer 01031,Male,42,Dhaka,2025-10-25,Mid-age
CUST01032,Customer 01032,Female,45,Chattogram,2025-01-26,Senior
CUST01033,Customer 01033,Male,26,Chattogram,2025-05-04,Adult
CUST01034,Customer 01034,Female,18,Dhaka,2024-05-07,Young
CUST01035,Customer 01035,Male,46,Dhaka,2024-10-10,Senior
CUST01036,Customer 01036,Female,39,Mymensingh,2025-09-18,Mid-age
CUST01037,Customer 01037,Female,33,Rajshahi,2024-09-19,Adult
CUST01038,Customer 01038,Male,58,Dhaka,2024-09-16,Senior
CUST01039,Customer 01039,Male,58,Chattogram,2024-06-26,Senior
CUST01040,Customer 01040,Male,24,Rangpur,2023-01-07,Young
CUST01041,Customer 01041,Male,31,Dhaka,2025-08-11,Adult
CUST01042,Customer 01042,Female,46,Dhaka,2024-05-29,Senior
CUST01043,Customer 01043,Male,36,Khulna,2025-01-24,Mid-age
CUST01044,Customer 01044,Male,36,Sylhet,2023-03-14,Mid-age
CUST01045,Customer 01045,Female,19,Sylhet,2023-01-10,Young
CUST01046,Customer 01046,Male,58,Dhaka,2024-07-15,Senior
CUST01047,Customer 01047,Male,32,Dhaka,2023-05-02,Adult
CUST01048,Customer 01048,Male,20,Sylhet,2024-11-17,Young
CUST01049,Customer 01049,Male,28,Dhaka,2024-05-27,Adult
CUST01050,Customer 01050,Male,47,Chattogram,2025-09-16,Senior
CUST01051,Customer 01051,Female,57,Chattogram,2024-03-16,Senior
CUST01052,Customer 01052,Male,35,Dhaka,2025-11-27,Mid-age
CUST01053,Customer 01053,Male,19,Mymensingh,2024-12-02,Young
CUST01054,Customer 01054,Male,49,Barishal,2024-08-13,Senior
CUST01055,Customer 01055,Male,25,Khulna,2023-03-08,Adult
CUST01056,Customer 01056,Male,39,Dhaka,2023-01-17,Mid-age
CUST01057,Customer 01057,Female,23,Dhaka,2024-01-03,Young
CUST01058,Customer 01058,Male,29,Chattogram,2025-06-22,Adult
CUST01059,Customer 01059,Female,57,Dhaka,2024-12-21,Senior
CUST01060,Customer 01060,Female,53,Mymensingh,2025-08-15,Senior
CUST01061,Customer 01061,Male,32,Dhaka,2025-06-26,Adult
CUST01062,Customer 01062,Male,45,Chattogram,2025-09-15,Senior
CUST01063,Customer 01063,Male,35,Dhaka,2024-04-17,Mid-age
CUST01064,Customer 01064,Male,19,Sylhet,2023-04-25,Young
CUST01065,Customer 01065,Female,30,Dhaka,2023-04-10,Adult
CUST01066,Customer 01066,Male,32,Chattogram,2024-03-13,Adult
CUST01067,Customer 01067,Male,37,Dhaka,2023-12-15,Mid-age
CUST01068,Customer 01068,Male,46,Rangpur,2023-05-19,Senior
CUST01069,Customer 01069,Male,59,Dhaka,2025-04-07,Senior
CUST01070,Customer 01070,Male,46,Rangpur,2023-11-20,Senior
CUST01071,Customer 01071,Male,20,Barishal,2025-04-25,Young
CUST01072,Customer 01072,Female,36,Dhaka,2023-10-21,Mid-age
CUST01073,Customer 01073,Female,20,Khulna,2025-08-25,Young
CUST01074,Customer 01074,Male,31,Dhaka,2023-03-15,Adult
CUST01075,Customer 01075,Male,57,Mymensingh,2024-04-28,Senior
CUST01076,Customer 01076,Male,21,Chattogram,2023-01-16,Young
CUST01077,Customer 01077,Female,28,Dhaka,2025-03-03,Adult
CUST01078,Customer 01078,Male,48,Dhaka,2024-05-30,Senior
CUST01079,Customer 01079,Female,60,Dhaka,2025-07-13,Senior
CUST01080,Customer 01080,Male,49,Mymensingh,2025-04-03,Senior
CUST01081,Customer 01081,Male,44,Dhaka,2024-06-01,Mid-age
CUST01082,Customer 01082,Male,47,Rajshahi,2023-05-09,Senior
CUST01083,Customer 01083,Male,60,Chattogram,2024-05-25,Senior
CUST01084,Customer 01084,Female,19,Mymensingh,2024-02-27,Young
CUST01085,Customer 01085,Female,26,Dhaka,2024-01-20,Adult
CUST01086,Customer 01086,Male,45,Chattogram,2023-08-20,Senior
CUST01087,Customer 01087,Male,48,Chattogram,2025-08-16,Senior
CUST01088,Customer 01088,Female,51,Rajshahi,2025-04-04,Senior
CUST01089,Customer 01089,Female,32,Dhaka,2023-03-06,Adult
CUST01090,Customer 01090,Female,42,Dhaka,2025-04-12,Mid-age
CUST01091,Customer 01091,Female,53,Dhaka,2024-09-06,Senior
CUST01092,Customer 01092,Male,25,Khulna,2025-03-11,Adult
CUST01093,Customer 01093,Female,26,Dhaka,2023-10-05,Adult
CUST01094,Customer 01094,Male,54,Sylhet,2024-01-01,Senior
CUST01095,Customer 01095,Female,56,Dhaka,2024-05-30,Senior
CUST01096,Customer 01096,Female,49,Rangpur,2024-03-14,Senior
CUST01097,Customer 01097,Female,34,Mymensingh,2024-03-03,Adult
CUST01098,Customer 01098,Female,52,Chattogram,2024-12-29,Senior
CUST01099,Customer 01099,Female,54,Dhaka,2024-01-31,Senior
CUST01100,Customer 01100,Male,36,Dhaka,2024-08-08,Mid-age
CUST01101,Customer 01101,Male,46,Dhaka,2024-01-10,Senior
CUST01102,Customer 01102,Female,24,Dhaka,2025-08-05,Young
CUST01103,Customer 01103,Female,45,Rajshahi,2023-04-03,Senior
CUST01104,Customer 01104,Male,26,Chattogram,2023-11-17,Adult
CUST01105,Customer 01105,Female,45,Mymensingh,2025-10-30,Senior
CUST01106,Customer 01106,Female,23,Chattogram,2025-07-02,Young
CUST01107,Customer 01107,Male,46,Rajshahi,2025-07-05,Senior
CUST01108,Customer 01108,Female,34,Chattogram,2023-04-05,Adult
CUST01109,Customer 01109,Female,33,Chattogram,2025-08-16,Adult
CUST01110,Customer 01110,Male,40,Dhaka,2023-03-12,Mid-age
CUST01111,Customer 01111,Male,48,Chattogram,2024-10-25,Senior
CUST01112,Customer 01112,Male,20,Chattogram,2025-08-26,Young
CUST01113,Customer 01113,Female,38,Rajshahi,2024-08-09,Mid-age
CUST01114,Customer 01114,Male,43,Mymensingh,2024-12-27,Mid-age
CUST01115,Customer 01115,Male,53,Dhaka,2024-01-03,Senior
CUST01116,Customer 01116,Male,59,Dhaka,2023-02-20,Senior
CUST01117,Customer 01117,Male,54,Chattogram,2025-09-14,Senior
CUST01118,Customer 01118,Male,39,Chattogram,2023-09-17,Mid-age
CUST01119,Customer 01119,Male,59,Dhaka,2023-06-07,Senior
CUST01120,Customer 01120,Female,29,Khulna,2023-04-09,Adult
CUST01121,Customer 01121,Female,59,Mymensingh,2023-08-29,Senior
CUST01122,Customer 01122,Male,30,Mymensingh,2023-07-21,Adult
CUST01123,Customer 01123,Male,28,Dhaka,2024-09-25,Adult
CUST01124,Customer 01124,Male,33,Rangpur,2025-01-15,Adult
CUST01125,Customer 01125,Female,25,Rajshahi,2024-05-04,Adult
CUST01126,Customer 01126,Female,57,Chattogram,2024-08-01,Senior
CUST01127,Customer 01127,Female,57,Chattogram,2024-06-10,Senior
CUST01128,Customer 01128,Female,19,Barishal,2023-09-30,Young
CUST01129,Customer 01129,Female,47,Chattogram,2025-02-24,Senior
CUST01130,Customer 01130,Female,47,Dhaka,2024-03-28,Senior
CUST01131,Customer 01131,Female,29,Chattogram,2023-12-13,Adult
CUST01132,Customer 01132,Female,27,Sylhet,2025-03-26,Adult
CUST01133,Customer 01133,Female,28,Dhaka,2024-02-18,Adult
CUST01134,Customer 01134,Male,32,Rangpur,2024-03-06,Adult
CUST01135,Customer 01135,Male,33,Rajshahi,2024-01-14,Adult
CUST01136,Customer 01136,Male,34,Sylhet,2025-09-24,Adult
CUST01137,Customer 01137,Male,43,Dhaka,2025-06-13,Mid-age
CUST01138,Customer 01138,Female,19,Sylhet,2024-03-03,Young
CUST01139,Customer 01139,Female,29,Dhaka,2023-07-11,Adult
CUST01140,Customer 01140,Male,43,Dhaka,2023-02-10,Mid-age
CUST01141,Customer 01141,Female,40,Chattogram,2023-05-16,Mid-age
CUST01142,Customer 01142,Male,35,Chattogram,2023-04-16,Mid-age
CUST01143,Customer 01143,Female,49,Sylhet,2024-06-02,Senior
CUST01144,Customer 01144,Male,55,Dhaka,2025-03-24,Senior
CUST01145,Customer 01145,Female,20,Chattogram,2023-05-06,Young
CUST01146,Customer 01146,Female,55,Dhaka,2024-02-04,Senior
CUST01147,Customer 01147,Male,20,Mymensingh,2023-03-20,Young
CUST01148,Customer 01148,Female,47,Sylhet,2024-01-24,Senior
CUST01149,Customer 01149,Male,18,Rajshahi,2023-03-15,Young
CUST01150,Customer 01150,Male,47,Dhaka,2025-10-25,Senior
CUST01151,Customer 01151,Male,49,Dhaka,2023-03-23,Senior
CUST01152,Customer 01152,Male,45,Mymensingh,2025-02-14,Senior
CUST01153,Customer 01153,Female,38,Dhaka,2025-09-17,Mid-age
CUST01154,Customer 01154,Female,30,Chattogram,2023-10-05,Adult
CUST01155,Customer 01155,Female,44,Rajshahi,2025-04-19,Mid-age
CUST01156,Customer 01156,Male,53,Dhaka,2023-08-12,Senior
CUST01157,Customer 01157,Female,24,Barishal,2025-12-27,Young
CUST01158,Customer 01158,Male,39,Chattogram,2024-08-28,Mid-age
CUST01159,Customer 01159,Female,27,Dhaka,2023-01-19,Adult
CUST01160,Customer 01160,Female,56,Dhaka,2024-10-01,Senior
CUST01161,Customer 01161,Female,32,Dhaka,2023-04-07,Adult
CUST01162,Customer 01162,Male,32,Rangpur,2025-12-11,Adult
CUST01163,Customer 01163,Female,21,Rajshahi,2023-06-24,Young
CUST01164,Customer 01164,Female,49,Dhaka,2023-12-14,Senior
CUST01165,Customer 01165,Male,40,Dhaka,2023-01-01,Mid-age
CUST01166,Customer 01166,Female,23,Rajshahi,2023-03-04,Young
CUST01167,Customer 01167,Male,41,Sylhet,2023-08-14,Mid-age
CUST01168,Customer 01168,Female,37,Chattogram,2024-02-27,Mid-age
CUST01169,Customer 01169,Male,54,Dhaka,2025-11-08,Senior
CUST01170,Customer 01170,Male,37,Dhaka,2023-01-31,Mid-age
CUST01171,Customer 01171,Female,29,Rajshahi,2025-04-24,Adult
CUST01172,Customer 01172,Male,50,Mymensingh,2024-09-24,Senior
CUST01173,Customer 01173,Male,45,Dhaka,2023-01-24,Senior
CUST01174,Customer 01174,Male,25,Sylhet,2025-04-16,Adult
CUST01175,Customer 01175,Male,18,Chattogram,2025-09-09,Young
CUST01176,Customer 01176,Male,54,Chattogram,2023-06-10,Senior
CUST01177,Customer 01177,Male,39,Dhaka,2023-04-24,Mid-age
CUST01178,Customer 01178,Female,23,Barishal,2024-05-18,Young
CUST01179,Customer 01179,Male,38,Chattogram,2025-08-12,Mid-age
CUST01180,Customer 01180,Male,49,Chattogram,2023-12-23,Senior
CUST01181,Customer 01181,Female,52,Dhaka,2023-06-18,Senior
CUST01182,Customer 01182,Female,32,Dhaka,2025-08-26,Adult
CUST01183,Customer 01183,Female,22,Dhaka,2023-08-30,Young
CUST01184,Customer 01184,Female,23,Khulna,2023-05-19,Young
CUST01185,Customer 01185,Female,42,Dhaka,2023-04-07,Mid-age
CUST01186,Customer 01186,Female,57,Rajshahi,2023-05-27,Senior
CUST01187,Customer 01187,Female,46,Chattogram,2025-12-16,Senior
CUST01188,Customer 01188,Male,24,Chattogram,2025-12-01,Young
CUST01189,Customer 01189,Male,57,Chattogram,2025-05-15,Senior
CUST01190,Customer 01190,Female,30,Dhaka,2024-06-26,Adult
CUST01191,Customer 01191,Male,55,Dhaka,2024-11-22,Senior
CUST01192,Customer 01192,Male,35,Dhaka,2025-10-22,Mid-age
CUST01193,Customer 01193,Male,19,Rajshahi,2025-06-22,Young
CUST01194,Customer 01194,Female,25,Rajshahi,2024-12-30,Adult
CUST01195,Customer 01195,Female,28,Dhaka,2023-11-27,Adult
CUST01196,Customer 01196,Male,50,Chattogram,2024-09-08,Senior
CUST01197,Customer 01197,Female,55,Dhaka,2024-02-08,Senior
CUST01198,Customer 01198,Male,44,Dhaka,2024-05-22,Mid-age
CUST01199,Customer 01199,Male,37,Dhaka,2025-11-04,Mid-age
CUST01200,Customer 01200,Male,29,Rangpur,2023-08-14,Adult
CUST01201,Customer 01201,Male,60,Dhaka,2025-09-10,Senior
CUST01202,Customer 01202,Female,48,Dhaka,2025-05-14,Senior
CUST01203,Customer 01203,Female,44,Dhaka,2025-01-14,Mid-age
CUST01204,Customer 01204,Female,49,Dhaka,2024-05-07,Senior
CUST01205,Customer 01205,Male,27,Sylhet,2023-11-15,Adult
CUST01206,Customer 01206,Female,20,Dhaka,2025-02-11,Young
CUST01207,Customer 01207,Male,44,Dhaka,2024-03-27,Mid-age
CUST01208,Customer 01208,Female,52,Rajshahi,2025-08-01,Senior
CUST01209,Customer 01209,Male,48,Dhaka,2025-04-27,Senior
CUST01210,Customer 01210,Male,32,Rajshahi,2025-10-13,Adult
CUST01211,Customer 01211,Male,33,Chattogram,2025-06-02,Adult
CUST01212,Customer 01212,Female,30,Dhaka,2024-02-23,Adult
CUST01213,Customer 01213,Female,52,Rajshahi,2025-05-14,Senior
CUST01214,Customer 01214,Female,28,Dhaka,2025-02-27,Adult
CUST01215,Customer 01215,Female,38,Chattogram,2024-05-09,Mid-age
CUST01216,Customer 01216,Male,28,Chattogram,2025-11-28,Adult
CUST01217,Customer 01217,Female,47,Dhaka,2023-06-11,Senior
CUST01218,Customer 01218,Female,52,Sylhet,2023-05-01,Senior
CUST01219,Customer 01219,Male,39,Rangpur,2024-02-03,Mid-age
CUST01220,Customer 01220,Male,55,Mymensingh,2024-12-28,Senior
CUST01221,Customer 01221,Male,48,Sylhet,2024-07-14,Senior
CUST01222,Customer 01222,Female,31,Chattogram,2024-08-26,Adult
CUST01223,Customer 01223,Male,41,Dhaka,2024-06-23,Mid-age
CUST01224,Customer 01224,Male,49,Dhaka,2023-12-22,Senior
CUST01225,Customer 01225,Male,53,Chattogram,2024-10-21,Senior
CUST01226,Customer 01226,Female,49,Dhaka,2024-03-07,Senior
CUST01227,Customer 01227,Male,32,Rangpur,2025-12-24,Adult
CUST01228,Customer 01228,Female,60,Dhaka,2024-07-16,Senior
CUST01229,Customer 01229,Female,52,Dhaka,2025-03-27,Senior
CUST01230,Customer 01230,Male,20,Chattogram,2024-12-11,Young
CUST01231,Customer 01231,Male,33,Barishal,2023-01-12,Adult
CUST01232,Customer 01232,Female,22,Rajshahi,2023-08-27,Young
CUST01233,Customer 01233,Male,38,Sylhet,2024-03-28,Mid-age
CUST01234,Customer 01234,Male,27,Dhaka,2024-01-18,Adult
CUST01235,Customer 01235,Female,36,Barishal,2025-02-20,Mid-age
CUST01236,Customer 01236,Female,42,Dhaka,2023-02-17,Mid-age
CUST01237,Customer 01237,Male,21,Rangpur,2023-11-13,Young
CUST01238,Customer 01238,Female,46,Chattogram,2023-07-28,Senior
CUST01239,Customer 01239,Male,36,Chattogram,2024-07-30,Mid-age
CUST01240,Customer 01240,Male,60,Chattogram,2023-11-11,Senior
CUST01241,Customer 01241,Male,19,Rajshahi,2025-01-23,Young
CUST01242,Customer 01242,Female,27,Dhaka,2025-11-25,Adult
CUST01243,Customer 01243,Male,60,Rangpur,2025-07-03,Senior
CUST01244,Customer 01244,Male,42,Chattogram,2025-01-24,Mid-age
CUST01245,Customer 01245,Male,37,Dhaka,2024-07-07,Mid-age
CUST01246,Customer 01246,Female,36,Dhaka,2024-02-07,Mid-age
CUST01247,Customer 01247,Female,40,Chattogram,2023-02-08,Mid-age
CUST01248,Customer 01248,Female,41,Chattogram,2024-08-03,Mid-age
CUST01249,Customer 01249,Female,28,Chattogram,2023-06-29,Adult
CUST01250,Customer 01250,Female,51,Rajshahi,2023-01-12,Senior
CUST01251,Customer 01251,Male,45,Chattogram,2025-07-31,Senior
CUST01252,Customer 01252,Female,22,Mymensingh,2024-07-01,Young
CUST01253,Customer 01253,Female,22,Sylhet,2023-03-04,Young
CUST01254,Customer 01254,Female,38,Barishal,2025-04-23,Mid-age
CUST01255,Customer 01255,Male,29,Dhaka,2025-10-05,Adult
CUST01256,Customer 01256,Female,21,Chattogram,2023-02-03,Young
CUST01257,Customer 01257,Female,59,Dhaka,2025-01-21,Senior
CUST01258,Customer 01258,Male,37,Sylhet,2023-02-18,Mid-age
CUST01259,Customer 01259,Female,55,Rangpur,2024-10-19,Senior
CUST01260,Customer 01260,Male,42,Dhaka,2024-12-01,Mid-age
CUST01261,Customer 01261,Male,31,Dhaka,2025-12-16,Adult
CUST01262,Customer 01262,Male,28,Rangpur,2023-04-19,Adult
CUST01263,Customer 01263,Male,49,Dhaka,2025-09-11,Senior
CUST01264,Customer 01264,Male,28,Rajshahi,2023-01-24,Adult
CUST01265,Customer 01265,Female,35,Chattogram,2023-08-09,Mid-age
CUST01266,Customer 01266,Male,44,Barishal,2023-11-11,Mid-age
CUST01267,Customer 01267,Male,35,Dhaka,2023-10-21,Mid-age
CUST01268,Customer 01268,Female,40,Dhaka,2025-10-30,Mid-age
CUST01269,Customer 01269,Male,28,Chattogram,2025-10-16,Adult
CUST01270,Customer 01270,Female,38,Mymensingh,2025-10-14,Mid-age
CUST01271,Customer 01271,Female,22,Chattogram,2024-09-29,Young
CUST01272,Customer 01272,Female,40,Dhaka,2023-09-24,Mid-age
CUST01273,Customer 01273,Male,58,Sylhet,2023-03-29,Senior
CUST01274,Customer 01274,Male,42,Mymensingh,2024-03-30,Mid-age
CUST01275,Customer 01275,Male,58,Barishal,2025-01-26,Senior
CUST01276,Customer 01276,Female,27,Mymensingh,2024-03-06,Adult
CUST01277,Customer 01277,Male,39,Dhaka,2025-06-29,Mid-age
CUST01278,Customer 01278,Male,36,Dhaka,2023-08-30,Mid-age
CUST01279,Customer 01279,Male,18,Sylhet,2024-12-02,Young
CUST01280,Customer 01280,Female,24,Barishal,2025-06-20,Young
CUST01281,Customer 01281,Female,21,Dhaka,2025-01-10,Young
CUST01282,Customer 01282,Male,18,Dhaka,2023-03-07,Young
CUST01283,Customer 01283,Male,32,Khulna,2025-08-29,Adult
CUST01284,Customer 01284,Male,57,Dhaka,2024-01-13,Senior
CUST01285,Customer 01285,Male,29,Dhaka,2024-01-23,Adult
CUST01286,Customer 01286,Female,39,Chattogram,2025-02-19,Mid-age
CUST01287,Customer 01287,Female,39,Sylhet,2023-07-28,Mid-age
CUST01288,Customer 01288,Female,34,Khulna,2023-01-16,Adult
CUST01289,Customer 01289,Female,46,Dhaka,2025-09-12,Senior
CUST01290,Customer 01290,Male,31,Sylhet,2024-01-02,Adult
CUST01291,Customer 01291,Male,37,Sylhet,2025-02-18,Mid-age
CUST01292,Customer 01292,Male,50,Chattogram,2024-03-15,Senior
CUST01293,Customer 01293,Female,60,Rajshahi,2024-11-20,Senior
CUST01294,Customer 01294,Male,32,Dhaka,2025-11-25,Adult
CUST01295,Customer 01295,Female,29,Dhaka,2025-04-26,Adult
CUST01296,Customer 01296,Female,57,Dhaka,2024-02-26,Senior
CUST01297,Customer 01297,Male,37,Dhaka,2024-08-30,Mid-age
CUST01298,Customer 01298,Male,47,Chattogram,2023-01-20,Senior
CUST01299,Customer 01299,Male,55,Barishal,2024-11-06,Senior
CUST01300,Customer 01300,Female,20,Rajshahi,2024-01-17,Young
CUST01301,Customer 01301,Male,45,Khulna,2024-08-31,Senior
CUST01302,Customer 01302,Female,43,Dhaka,2023-05-23,Mid-age
CUST01303,Customer 01303,Male,47,Chattogram,2023-03-03,Senior
CUST01304,Customer 01304,Female,30,Chattogram,2023-08-26,Adult
CUST01305,Customer 01305,Female,30,Dhaka,2025-07-15,Adult
CUST01306,Customer 01306,Male,19,Dhaka,2023-12-08,Young
CUST01307,Customer 01307,Female,54,Sylhet,2024-03-30,Senior
CUST01308,Customer 01308,Female,55,Mymensingh,2023-10-09,Senior
CUST01309,Customer 01309,Male,19,Dhaka,2025-06-04,Young
CUST01310,Customer 01310,Female,53,Dhaka,2025-10-21,Senior
CUST01311,Customer 01311,Male,43,Khulna,2024-12-23,Mid-age
CUST01312,Customer 01312,Female,28,Dhaka,2023-03-28,Adult
CUST01313,Customer 01313,Male,25,Barishal,2024-10-26,Adult
CUST01314,Customer 01314,Male,57,Rajshahi,2025-05-11,Senior
CUST01315,Customer 01315,Female,60,Mymensingh,2023-03-02,Senior
CUST01316,Customer 01316,Female,39,Chattogram,2025-03-07,Mid-age
CUST01317,Customer 01317,Female,37,Rajshahi,2023-04-05,Mid-age
CUST01318,Customer 01318,Female,25,Chattogram,2025-02-24,Adult
CUST01319,Customer 01319,Female,46,Sylhet,2025-08-18,Senior
CUST01320,Customer 01320,Male,57,Chattogram,2023-10-24,Senior
CUST01321,Customer 01321,Female,43,Dhaka,2024-11-24,Mid-age
CUST01322,Customer 01322,Male,47,Chattogram,2024-02-03,Senior
CUST01323,Customer 01323,Male,34,Chattogram,2025-08-03,Adult
CUST01324,Customer 01324,Female,37,Barishal,2024-06-17,Mid-age
CUST01325,Customer 01325,Male,33,Khulna,2024-02-06,Adult
CUST01326,Customer 01326,Male,60,Rajshahi,2023-05-10,Senior
CUST01327,Customer 01327,Male,24,Dhaka,2023-10-19,Young
CUST01328,Customer 01328,Male,33,Khulna,2023-10-03,Adult
CUST01329,Customer 01329,Female,44,Chattogram,2025-06-30,Mid-age
CUST01330,Customer 01330,Male,40,Rangpur,2025-07-14,Mid-age
CUST01331,Customer 01331,Female,41,Rangpur,2023-02-24,Mid-age
CUST01332,Customer 01332,Female,26,Dhaka,2025-01-08,Adult
CUST01333,Customer 01333,Male,52,Barishal,2025-11-15,Senior
CUST01334,Customer 01334,Female,37,Dhaka,2025-02-03,Mid-age
CUST01335,Customer 01335,Female,54,Dhaka,2024-10-03,Senior
CUST01336,Customer 01336,Female,59,Chattogram,2024-12-24,Senior
CUST01337,Customer 01337,Male,34,Dhaka,2025-03-12,Adult
CUST01338,Customer 01338,Female,48,Khulna,2025-01-07,Senior
CUST01339,Customer 01339,Female,25,Dhaka,2025-01-27,Adult
CUST01340,Customer 01340,Female,32,Dhaka,2024-07-20,Adult
CUST01341,Customer 01341,Male,48,Sylhet,2023-12-06,Senior
CUST01342,Customer 01342,Female,47,Khulna,2023-06-02,Senior
CUST01343,Customer 01343,Male,37,Rangpur,2025-09-30,Mid-age
CUST01344,Customer 01344,Male,56,Rajshahi,2024-03-02,Senior
CUST01345,Customer 01345,Male,29,Rajshahi,2025-09-29,Adult
CUST01346,Customer 01346,Male,34,Chattogram,2023-07-23,Adult
CUST01347,Customer 01347,Male,59,Dhaka,2023-11-21,Senior
CUST01348,Customer 01348,Male,47,Dhaka,2025-08-07,Senior
CUST01349,Customer 01349,Female,46,Chattogram,2025-08-08,Senior
CUST01350,Customer 01350,Male,36,Rajshahi,2025-07-27,Mid-age
CUST01351,Customer 01351,Female,28,Chattogram,2025-08-14,Adult
CUST01352,Customer 01352,Female,51,Khulna,2025-06-12,Senior
CUST01353,Customer 01353,Male,24,Chattogram,2024-03-10,Young
CUST01354,Customer 01354,Female,51,Dhaka,2024-01-06,Senior
CUST01355,Customer 01355,Female,37,Dhaka,2025-07-21,Mid-age
CUST01356,Customer 01356,Female,55,Barishal,2023-09-06,Senior
CUST01357,Customer 01357,Female,41,Khulna,2025-06-09,Mid-age
CUST01358,Customer 01358,Male,27,Rangpur,2023-06-30,Adult
CUST01359,Customer 01359,Female,49,Dhaka,2024-12-03,Senior
CUST01360,Customer 01360,Male,32,Mymensingh,2025-09-25,Adult
CUST01361,Customer 01361,Female,54,Dhaka,2023-03-19,Senior
CUST01362,Customer 01362,Female,37,Dhaka,2025-07-07,Mid-age
CUST01363,Customer 01363,Male,20,Mymensingh,2025-06-03,Young
CUST01364,Customer 01364,Female,54,Dhaka,2023-12-02,Senior
CUST01365,Customer 01365,Female,57,Rajshahi,2023-02-19,Senior
CUST01366,Customer 01366,Female,25,Dhaka,2023-03-26,Adult
CUST01367,Customer 01367,Male,57,Sylhet,2024-11-25,Senior
CUST01368,Customer 01368,Female,40,Rangpur,2023-01-04,Mid-age
CUST01369,Customer 01369,Male,57,Dhaka,2025-09-19,Senior
CUST01370,Customer 01370,Female,28,Rajshahi,2023-11-13,Adult
CUST01371,Customer 01371,Male,25,Dhaka,2025-02-01,Adult
CUST01372,Customer 01372,Male,46,Sylhet,2024-09-03,Senior
CUST01373,Customer 01373,Female,47,Dhaka,2025-10-01,Senior
CUST01374,Customer 01374,Female,27,Dhaka,2025-07-02,Adult
CUST01375,Customer 01375,Male,56,Dhaka,2025-03-09,Senior
CUST01376,Customer 01376,Male,45,Dhaka,2023-04-29,Senior
CUST01377,Customer 01377,Female,53,Rangpur,2023-12-16,Senior
CUST01378,Customer 01378,Male,30,Chattogram,2025-07-05,Adult
CUST01379,Customer 01379,Female,49,Dhaka,2024-11-17,Senior
CUST01380,Customer 01380,Female,53,Chattogram,2024-06-25,Senior
CUST01381,Customer 01381,Female,54,Dhaka,2025-12-14,Senior
CUST01382,Customer 01382,Female,43,Khulna,2023-12-27,Mid-age
CUST01383,Customer 01383,Male,39,Mymensingh,2024-12-08,Mid-age
CUST01384,Customer 01384,Female,21,Chattogram,2024-11-15,Young
CUST01385,Customer 01385,Male,48,Rangpur,2023-11-26,Senior
CUST01386,Customer 01386,Female,35,Sylhet,2023-08-07,Mid-age
CUST01387,Customer 01387,Male,55,Dhaka,2023-07-27,Senior
CUST01388,Customer 01388,Female,41,Rajshahi,2025-04-24,Mid-age
CUST01389,Customer 01389,Male,40,Chattogram,2023-03-26,Mid-age
CUST01390,Customer 01390,Male,39,Rajshahi,2024-11-15,Mid-age
CUST01391,Customer 01391,Female,19,Rangpur,2023-09-02,Young
CUST01392,Customer 01392,Female,48,Chattogram,2025-05-21,Senior
CUST01393,Customer 01393,Female,28,Rangpur,2025-10-19,Adult
CUST01394,Customer 01394,Female,45,Khulna,2024-08-18,Senior
CUST01395,Customer 01395,Male,49,Chattogram,2024-11-15,Senior
CUST01396,Customer 01396,Female,22,Sylhet,2025-10-10,Young
CUST01397,Customer 01397,Male,55,Dhaka,2025-10-10,Senior
CUST01398,Customer 01398,Male,27,Mymensingh,2023-12-16,Adult
CUST01399,Customer 01399,Female,57,Rajshahi,2023-10-09,Senior
CUST01400,Customer 01400,Male,41,Dhaka,2023-10-20,Mid-age
CUST01401,Customer 01401,Male,52,Dhaka,2025-09-10,Senior
CUST01402,Customer 01402,Male,40,Sylhet,2023-01-20,Mid-age
CUST01403,Customer 01403,Male,34,Dhaka,2025-01-28,Adult
CUST01404,Customer 01404,Female,18,Dhaka,2024-02-09,Young
CUST01405,Customer 01405,Female,48,Chattogram,2024-12-01,Senior
CUST01406,Customer 01406,Female,48,Dhaka,2025-09-06,Senior
CUST01407,Customer 01407,Female,59,Chattogram,2023-01-26,Senior
CUST01408,Customer 01408,Male,59,Dhaka,2024-07-19,Senior
CUST01409,Customer 01409,Male,51,Dhaka,2024-01-30,Senior
CUST01410,Customer 01410,Female,26,Rajshahi,2025-09-27,Adult
CUST01411,Customer 01411,Female,39,Chattogram,2024-06-06,Mid-age
CUST01412,Customer 01412,Female,30,Dhaka,2025-05-11,Adult
CUST01413,Customer 01413,Male,42,Dhaka,2025-03-12,Mid-age
CUST01414,Customer 01414,Female,35,Sylhet,2024-07-03,Mid-age
CUST01415,Customer 01415,Female,29,Dhaka,2023-03-28,Adult
CUST01416,Customer 01416,Female,57,Dhaka,2025-04-12,Senior
CUST01417,Customer 01417,Male,34,Dhaka,2024-01-22,Adult
CUST01418,Customer 01418,Male,32,Barishal,2025-08-20,Adult
CUST01419,Customer 01419,Male,59,Khulna,2024-10-29,Senior
CUST01420,Customer 01420,Male,32,Khulna,2023-10-13,Adult
CUST01421,Customer 01421,Male,32,Khulna,2024-11-28,Adult
CUST01422,Customer 01422,Male,56,Rajshahi,2025-08-22,Senior
CUST01423,Customer 01423,Male,30,Chattogram,2024-01-04,Adult
CUST01424,Customer 01424,Male,34,Rajshahi,2024-10-16,Adult
CUST01425,Customer 01425,Female,49,Dhaka,2024-10-15,Senior
CUST01426,Customer 01426,Female,26,Sylhet,2024-11-27,Adult
CUST01427,Customer 01427,Male,57,Khulna,2025-10-20,Senior
CUST01428,Customer 01428,Male,37,Chattogram,2025-07-03,Mid-age
CUST01429,Customer 01429,Female,43,Dhaka,2023-10-15,Mid-age
CUST01430,Customer 01430,Male,44,Dhaka,2023-04-05,Mid-age
CUST01431,Customer 01431,Male,38,Rajshahi,2024-10-30,Mid-age
CUST01432,Customer 01432,Male,35,Rajshahi,2023-02-10,Mid-age
CUST01433,Customer 01433,Female,30,Rangpur,2023-11-27,Adult
CUST01434,Customer 01434,Female,33,Dhaka,2024-05-18,Adult
CUST01435,Customer 01435,Female,26,Khulna,2023-10-02,Adult
CUST01436,Customer 01436,Female,29,Sylhet,2023-06-28,Adult
CUST01437,Customer 01437,Female,55,Rangpur,2023-05-17,Senior
CUST01438,Customer 01438,Male,36,Chattogram,2025-02-05,Mid-age
CUST01439,Customer 01439,Female,24,Chattogram,2025-09-14,Young
CUST01440,Customer 01440,Male,52,Sylhet,2023-08-31,Senior
CUST01441,Customer 01441,Male,35,Khulna,2023-07-16,Mid-age
CUST01442,Customer 01442,Female,33,Mymensingh,2024-06-09,Adult
CUST01443,Customer 01443,Female,56,Dhaka,2024-09-23,Senior
CUST01444,Customer 01444,Male,21,Dhaka,2024-02-12,Young
CUST01445,Customer 01445,Male,42,Mymensingh,2024-11-21,Mid-age
CUST01446,Customer 01446,Male,49,Chattogram,2023-06-19,Senior
CUST01447,Customer 01447,Female,57,Sylhet,2023-06-08,Senior
CUST01448,Customer 01448,Female,30,Chattogram,2024-03-22,Adult
CUST01449,Customer 01449,Female,34,Dhaka,2025-10-14,Adult
CUST01450,Customer 01450,Female,54,Khulna,2025-12-16,Senior
CUST01451,Customer 01451,Female,23,Khulna,2023-04-22,Young
CUST01452,Customer 01452,Male,36,Dhaka,2023-02-17,Mid-age
CUST01453,Customer 01453,Female,30,Dhaka,2024-01-11,Adult
CUST01454,Customer 01454,Male,43,Barishal,2025-04-07,Mid-age
CUST01455,Customer 01455,Male,31,Dhaka,2023-02-02,Adult
CUST01456,Customer 01456,Male,48,Rangpur,2024-05-18,Senior
CUST01457,Customer 01457,Female,21,Dhaka,2024-09-18,Young
CUST01458,Customer 01458,Female,56,Sylhet,2025-10-23,Senior
CUST01459,Customer 01459,Female,25,Mymensingh,2023-02-11,Adult
CUST01460,Customer 01460,Male,42,Rajshahi,2023-01-09,Mid-age
CUST01461,Customer 01461,Male,30,Chattogram,2025-09-26,Adult
CUST01462,Customer 01462,Male,49,Rajshahi,2025-03-29,Senior
CUST01463,Customer 01463,Male,55,Dhaka,2024-10-18,Senior
CUST01464,Customer 01464,Male,55,Dhaka,2025-02-28,Senior
CUST01465,Customer 01465,Male,45,Mymensingh,2025-11-16,Senior
CUST01466,Customer 01466,Female,47,Khulna,2025-12-02,Senior
CUST01467,Customer 01467,Female,20,Rajshahi,2024-08-20,Young
CUST01468,Customer 01468,Female,45,Dhaka,2025-07-24,Senior
CUST01469,Customer 01469,Female,20,Dhaka,2025-10-08,Young
CUST01470,Customer 01470,Male,51,Dhaka,2023-01-21,Senior
CUST01471,Customer 01471,Male,33,Chattogram,2025-09-25,Adult
CUST01472,Customer 01472,Female,39,Khulna,2024-04-01,Mid-age
CUST01473,Customer 01473,Male,49,Chattogram,2025-10-10,Senior
CUST01474,Customer 01474,Female,55,Barishal,2023-09-22,Senior
CUST01475,Customer 01475,Female,25,Dhaka,2023-07-03,Adult
CUST01476,Customer 01476,Female,25,Dhaka,2023-08-15,Adult
CUST01477,Customer 01477,Male,23,Dhaka,2025-12-28,Young
CUST01478,Customer 01478,Female,31,Chattogram,2025-08-26,Adult
CUST01479,Customer 01479,Female,49,Dhaka,2025-03-15,Senior
CUST01480,Customer 01480,Female,52,Mymensingh,2024-12-23,Senior
CUST01481,Customer 01481,Male,27,Dhaka,2025-09-28,Adult
CUST01482,Customer 01482,Male,20,Mymensingh,2025-05-24,Young
CUST01483,Customer 01483,Female,29,Chattogram,2023-03-25,Adult
CUST01484,Customer 01484,Male,48,Mymensingh,2025-01-09,Senior
CUST01485,Customer 01485,Male,46,Chattogram,2023-08-11,Senior
CUST01486,Customer 01486,Male,22,Mymensingh,2025-03-03,Young
CUST01487,Customer 01487,Male,42,Dhaka,2025-01-02,Mid-age
CUST01488,Customer 01488,Male,58,Khulna,2024-02-09,Senior
CUST01489,Customer 01489,Male,48,Rangpur,2023-11-25,Senior
CUST01490,Customer 01490,Male,38,Dhaka,2024-03-01,Mid-age
CUST01491,Customer 01491,Male,37,Dhaka,2025-02-08,Mid-age
CUST01492,Customer 01492,Male,56,Chattogram,2024-08-30,Senior
CUST01493,Customer 01493,Male,39,Mymensingh,2024-06-09,Mid-age
CUST01494,Customer 01494,Female,21,Chattogram,2024-09-16,Young
CUST01495,Customer 01495,Female,30,Chattogram,2023-03-18,Adult
CUST01496,Customer 01496,Male,59,Dhaka,2025-07-08,Senior
CUST01497,Customer 01497,Female,37,Dhaka,2025-08-03,Mid-age
CUST01498,Customer 01498,Female,30,Barishal,2024-04-10,Adult
CUST01499,Customer 01499,Male,34,Dhaka,2024-05-06,Adult
CUST01500,Customer 01500,Male,53,Sylhet,2023-11-09,Senior
CUST01501,Customer 01501,Male,50,Rangpur,2023-11-04,Senior
CUST01502,Customer 01502,Female,18,Dhaka,2024-11-21,Young
CUST01503,Customer 01503,Female,32,Rajshahi,2023-03-30,Adult
CUST01504,Customer 01504,Male,30,Dhaka,2025-01-04,Adult
CUST01505,Customer 01505,Male,34,Sylhet,2025-02-16,Adult
CUST01506,Customer 01506,Male,41,Dhaka,2025-01-20,Mid-age
CUST01507,Customer 01507,Female,25,Khulna,2024-01-06,Adult
CUST01508,Customer 01508,Female,44,Dhaka,2024-03-26,Mid-age
CUST01509,Customer 01509,Female,40,Chattogram,2023-06-16,Mid-age
CUST01510,Customer 01510,Female,25,Sylhet,2024-01-27,Adult
CUST01511,Customer 01511,Male,25,Dhaka,2025-01-05,Adult
CUST01512,Customer 01512,Male,43,Khulna,2024-05-05,Mid-age
CUST01513,Customer 01513,Male,30,Dhaka,2025-07-13,Adult
CUST01514,Customer 01514,Male,56,Rajshahi,2025-12-02,Senior
CUST01515,Customer 01515,Female,54,Dhaka,2025-08-02,Senior
CUST01516,Customer 01516,Female,45,Rajshahi,2023-01-29,Senior
CUST01517,Customer 01517,Male,42,Dhaka,2025-11-20,Mid-age
CUST01518,Customer 01518,Male,33,Chattogram,2024-11-23,Adult
CUST01519,Customer 01519,Female,19,Dhaka,2023-05-08,Young
CUST01520,Customer 01520,Male,35,Khulna,2025-02-05,Mid-age
CUST01521,Customer 01521,Female,34,Dhaka,2024-03-16,Adult
CUST01522,Customer 01522,Male,47,Rangpur,2025-05-18,Senior
CUST01523,Customer 01523,Male,56,Rangpur,2024-06-07,Senior
CUST01524,Customer 01524,Male,30,Dhaka,2025-01-29,Adult
CUST01525,Customer 01525,Male,49,Sylhet,2023-04-20,Senior
CUST01526,Customer 01526,Male,46,Dhaka,2023-06-12,Senior
CUST01527,Customer 01527,Male,47,Chattogram,2024-07-13,Senior
CUST01528,Customer 01528,Male,35,Khulna,2024-02-03,Mid-age
CUST01529,Customer 01529,Female,30,Rajshahi,2024-08-05,Adult
CUST01530,Customer 01530,Female,60,Sylhet,2024-02-03,Senior
CUST01531,Customer 01531,Female,38,Dhaka,2023-08-27,Mid-age
CUST01532,Customer 01532,Female,47,Dhaka,2025-11-21,Senior
CUST01533,Customer 01533,Female,38,Dhaka,2023-04-20,Mid-age
CUST01534,Customer 01534,Male,34,Khulna,2023-10-27,Adult
CUST01535,Customer 01535,Male,57,Chattogram,2025-09-28,Senior
CUST01536,Customer 01536,Female,36,Rajshahi,2025-02-02,Mid-age
CUST01537,Customer 01537,Male,32,Dhaka,2023-09-06,Adult
CUST01538,Customer 01538,Female,26,Dhaka,2024-06-04,Adult
CUST01539,Customer 01539,Female,27,Dhaka,2023-02-03,Adult
CUST01540,Customer 01540,Male,48,Dhaka,2023-08-16,Senior
CUST01541,Customer 01541,Male,40,Dhaka,2024-08-07,Mid-age
CUST01542,Customer 01542,Male,47,Barishal,2025-08-15,Senior
CUST01543,Customer 01543,Female,50,Rangpur,2025-03-23,Senior
CUST01544,Customer 01544,Male,26,Chattogram,2024-12-24,Adult
CUST01545,Customer 01545,Female,18,Chattogram,2024-08-06,Young
CUST01546,Customer 01546,Female,52,Dhaka,2024-07-23,Senior
CUST01547,Customer 01547,Female,28,Rangpur,2023-08-08,Adult
CUST01548,Customer 01548,Male,51,Dhaka,2025-02-25,Senior
CUST01549,Customer 01549,Male,33,Mymensingh,2024-06-11,Adult
CUST01550,Customer 01550,Female,26,Chattogram,2023-03-16,Adult
CUST01551,Customer 01551,Male,49,Dhaka,2023-05-16,Senior
CUST01552,Customer 01552,Male,32,Mymensingh,2023-03-15,Adult
CUST01553,Customer 01553,Male,29,Dhaka,2023-09-11,Adult
CUST01554,Customer 01554,Female,50,Sylhet,2025-11-07,Senior
CUST01555,Customer 01555,Female,31,Chattogram,2025-10-18,Adult
CUST01556,Customer 01556,Male,25,Dhaka,2025-12-02,Adult
CUST01557,Customer 01557,Female,25,Chattogram,2023-02-19,Adult
CUST01558,Customer 01558,Male,44,Rajshahi,2024-05-29,Mid-age
CUST01559,Customer 01559,Male,29,Khulna,2025-01-13,Adult
CUST01560,Customer 01560,Male,18,Dhaka,2024-12-31,Young
CUST01561,Customer 01561,Male,60,Mymensingh,2024-07-24,Senior
CUST01562,Customer 01562,Female,57,Dhaka,2024-07-29,Senior
CUST01563,Customer 01563,Female,59,Dhaka,2025-06-21,Senior
CUST01564,Customer 01564,Female,28,Dhaka,2023-07-21,Adult
CUST01565,Customer 01565,Male,56,Dhaka,2023-07-26,Senior
CUST01566,Customer 01566,Male,60,Dhaka,2024-02-19,Senior
CUST01567,Customer 01567,Male,48,Mymensingh,2023-08-09,Senior
CUST01568,Customer 01568,Female,34,Dhaka,2025-01-27,Adult
CUST01569,Customer 01569,Male,50,Dhaka,2025-02-01,Senior
CUST01570,Customer 01570,Female,49,Dhaka,2024-07-16,Senior
CUST01571,Customer 01571,Female,46,Khulna,2024-01-04,Senior
CUST01572,Customer 01572,Female,38,Rangpur,2025-06-14,Mid-age
CUST01573,Customer 01573,Female,38,Dhaka,2023-07-23,Mid-age
CUST01574,Customer 01574,Female,57,Dhaka,2025-11-14,Senior
CUST01575,Customer 01575,Female,40,Dhaka,2025-08-14,Mid-age
CUST01576,Customer 01576,Male,23,Dhaka,2023-03-10,Young
CUST01577,Customer 01577,Male,39,Dhaka,2024-05-30,Mid-age
CUST01578,Customer 01578,Female,55,Chattogram,2023-08-28,Senior
CUST01579,Customer 01579,Female,54,Dhaka,2023-12-27,Senior
CUST01580,Customer 01580,Male,25,Chattogram,2025-11-20,Adult
CUST01581,Customer 01581,Female,58,Dhaka,2024-12-07,Senior
CUST01582,Customer 01582,Female,52,Mymensingh,2024-11-20,Senior
CUST01583,Customer 01583,Male,28,Rangpur,2024-10-18,Adult
CUST01584,Customer 01584,Female,41,Sylhet,2023-12-10,Mid-age
CUST01585,Customer 01585,Female,38,Dhaka,2024-06-19,Mid-age
CUST01586,Customer 01586,Female,19,Chattogram,2023-12-21,Young
CUST01587,Customer 01587,Male,57,Chattogram,2025-07-16,Senior
CUST01588,Customer 01588,Male,36,Khulna,2025-09-09,Mid-age
CUST01589,Customer 01589,Male,56,Chattogram,2023-04-15,Senior
CUST01590,Customer 01590,Female,45,Rangpur,2025-08-19,Senior
CUST01591,Customer 01591,Female,34,Mymensingh,2024-06-10,Adult
CUST01592,Customer 01592,Male,23,Dhaka,2024-05-18,Young
CUST01593,Customer 01593,Female,36,Sylhet,2025-07-19,Mid-age
CUST01594,Customer 01594,Female,55,Dhaka,2024-12-09,Senior
CUST01595,Customer 01595,Female,45,Dhaka,2023-08-23,Senior
CUST01596,Customer 01596,Female,19,Chattogram,2025-10-26,Young
CUST01597,Customer 01597,Female,55,Dhaka,2024-05-08,Senior
CUST01598,Customer 01598,Male,54,Rangpur,2025-05-27,Senior
CUST01599,Customer 01599,Female,21,Dhaka,2025-08-24,Young
CUST01600,Customer 01600,Male,39,Chattogram,2025-08-23,Mid-age
CUST01601,Customer 01601,Female,43,Sylhet,2025-08-21,Mid-age
CUST01602,Customer 01602,Male,60,Rajshahi,2025-06-15,Senior
CUST01603,Customer 01603,Female,53,Chattogram,2023-08-05,Senior
CUST01604,Customer 01604,Male,30,Rangpur,2024-09-14,Adult
CUST01605,Customer 01605,Female,49,Sylhet,2023-12-19,Senior
CUST01606,Customer 01606,Male,34,Chattogram,2024-11-22,Adult
CUST01607,Customer 01607,Female,58,Dhaka,2024-11-05,Senior
CUST01608,Customer 01608,Male,53,Chattogram,2024-09-22,Senior
CUST01609,Customer 01609,Female,36,Barishal,2023-11-21,Mid-age
CUST01610,Customer 01610,Male,52,Sylhet,2025-06-19,Senior
CUST01611,Customer 01611,Male,57,Barishal,2023-11-04,Senior
CUST01612,Customer 01612,Female,45,Chattogram,2024-10-15,Senior
CUST01613,Customer 01613,Female,18,Dhaka,2023-10-12,Young
CUST01614,Customer 01614,Male,59,Dhaka,2024-01-27,Senior
CUST01615,Customer 01615,Female,35,Dhaka,2023-12-26,Mid-age
CUST01616,Customer 01616,Male,57,Rajshahi,2025-02-07,Senior
CUST01617,Customer 01617,Male,50,Barishal,2025-03-07,Senior
CUST01618,Customer 01618,Male,29,Dhaka,2025-07-20,Adult
CUST01619,Customer 01619,Female,25,Chattogram,2023-06-14,Adult
CUST01620,Customer 01620,Male,41,Chattogram,2025-01-02,Mid-age
CUST01621,Customer 01621,Male,33,Chattogram,2024-08-03,Adult
CUST01622,Customer 01622,Female,21,Dhaka,2025-03-31,Young
CUST01623,Customer 01623,Female,55,Dhaka,2023-05-04,Senior
CUST01624,Customer 01624,Female,44,Dhaka,2023-12-10,Mid-age
CUST01625,Customer 01625,Female,26,Dhaka,2024-06-07,Adult
CUST01626,Customer 01626,Male,33,Dhaka,2025-12-11,Adult
CUST01627,Customer 01627,Male,29,Dhaka,2023-05-09,Adult
CUST01628,Customer 01628,Male,48,Sylhet,2024-10-18,Senior
CUST01629,Customer 01629,Male,41,Dhaka,2025-01-07,Mid-age
CUST01630,Customer 01630,Female,31,Mymensingh,2025-07-27,Adult
CUST01631,Customer 01631,Male,42,Dhaka,2023-03-12,Mid-age
CUST01632,Customer 01632,Male,51,Dhaka,2023-09-30,Senior
CUST01633,Customer 01633,Female,20,Dhaka,2025-10-23,Young
CUST01634,Customer 01634,Male,41,Dhaka,2023-01-22,Mid-age
CUST01635,Customer 01635,Male,59,Barishal,2023-06-15,Senior
CUST01636,Customer 01636,Male,26,Dhaka,2025-05-24,Adult
CUST01637,Customer 01637,Male,43,Mymensingh,2024-05-12,Mid-age
CUST01638,Customer 01638,Male,37,Rangpur,2024-03-09,Mid-age
CUST01639,Customer 01639,Male,57,Chattogram,2025-01-27,Senior
CUST01640,Customer 01640,Female,27,Chattogram,2023-08-22,Adult
CUST01641,Customer 01641,Female,36,Rajshahi,2025-04-16,Mid-age
CUST01642,Customer 01642,Male,20,Chattogram,2024-10-24,Young
CUST01643,Customer 01643,Male,41,Rajshahi,2024-12-25,Mid-age
CUST01644,Customer 01644,Female,22,Dhaka,2024-01-11,Young
CUST01645,Customer 01645,Male,20,Dhaka,2024-12-30,Young
CUST01646,Customer 01646,Male,44,Chattogram,2023-10-30,Mid-age
CUST01647,Customer 01647,Male,33,Chattogram,2024-02-09,Adult
CUST01648,Customer 01648,Female,32,Rangpur,2024-12-08,Adult
CUST01649,Customer 01649,Male,52,Dhaka,2025-07-05,Senior
CUST01650,Customer 01650,Female,29,Barishal,2023-01-21,Adult
CUST01651,Customer 01651,Male,58,Dhaka,2023-09-14,Senior
CUST01652,Customer 01652,Female,43,Chattogram,2024-02-03,Mid-age
CUST01653,Customer 01653,Female,51,Dhaka,2023-02-20,Senior
CUST01654,Customer 01654,Male,40,Chattogram,2024-03-22,Mid-age
CUST01655,Customer 01655,Female,48,Dhaka,2025-04-06,Senior
CUST01656,Customer 01656,Male,37,Chattogram,2024-08-17,Mid-age
CUST01657,Customer 01657,Female,29,Barishal,2025-03-28,Adult
CUST01658,Customer 01658,Male,40,Chattogram,2024-09-27,Mid-age
CUST01659,Customer 01659,Male,21,Chattogram,2025-12-08,Young
CUST01660,Customer 01660,Female,40,Barishal,2025-02-13,Mid-age
CUST01661,Customer 01661,Male,18,Rajshahi,2025-08-30,Young
CUST01662,Customer 01662,Male,42,Chattogram,2024-02-01,Mid-age
CUST01663,Customer 01663,Female,19,Dhaka,2024-11-13,Young
CUST01664,Customer 01664,Male,47,Rangpur,2025-11-16,Senior
CUST01665,Customer 01665,Male,20,Sylhet,2024-12-11,Young
CUST01666,Customer 01666,Female,38,Dhaka,2024-06-12,Mid-age
CUST01667,Customer 01667,Female,42,Dhaka,2024-11-15,Mid-age
CUST01668,Customer 01668,Male,37,Barishal,2024-09-04,Mid-age
CUST01669,Customer 01669,Male,39,Dhaka,2023-07-05,Mid-age
CUST01670,Customer 01670,Female,38,Mymensingh,2024-11-26,Mid-age
CUST01671,Customer 01671,Female,50,Dhaka,2023-08-03,Senior
CUST01672,Customer 01672,Male,55,Barishal,2023-08-04,Senior
CUST01673,Customer 01673,Female,32,Chattogram,2023-01-29,Adult
CUST01674,Customer 01674,Male,32,Chattogram,2023-04-12,Adult
CUST01675,Customer 01675,Male,42,Rangpur,2023-05-03,Mid-age
CUST01676,Customer 01676,Male,38,Chattogram,2023-02-23,Mid-age
CUST01677,Customer 01677,Male,41,Chattogram,2024-09-07,Mid-age
CUST01678,Customer 01678,Male,22,Dhaka,2024-07-10,Young
CUST01679,Customer 01679,Female,23,Dhaka,2023-04-24,Young
CUST01680,Customer 01680,Female,60,Dhaka,2025-05-04,Senior
CUST01681,Customer 01681,Female,40,Rajshahi,2024-11-06,Mid-age
CUST01682,Customer 01682,Female,21,Dhaka,2025-09-03,Young
CUST01683,Customer 01683,Male,44,Dhaka,2024-12-01,Mid-age
CUST01684,Customer 01684,Male,35,Chattogram,2023-10-19,Mid-age
CUST01685,Customer 01685,Male,38,Rajshahi,2023-09-18,Mid-age
CUST01686,Customer 01686,Male,45,Khulna,2024-07-17,Senior
CUST01687,Customer 01687,Female,52,Dhaka,2023-02-18,Senior
CUST01688,Customer 01688,Male,39,Dhaka,2025-10-26,Mid-age
CUST01689,Customer 01689,Male,57,Mymensingh,2024-01-14,Senior
CUST01690,Customer 01690,Female,40,Dhaka,2023-08-12,Mid-age
CUST01691,Customer 01691,Female,20,Rangpur,2025-11-12,Young
CUST01692,Customer 01692,Female,57,Rangpur,2025-10-04,Senior
CUST01693,Customer 01693,Female,27,Khulna,2024-10-18,Adult
CUST01694,Customer 01694,Male,42,Dhaka,2023-04-20,Mid-age
CUST01695,Customer 01695,Male,25,Barishal,2024-12-24,Adult
CUST01696,Customer 01696,Female,28,Khulna,2024-07-06,Adult
CUST01697,Customer 01697,Male,22,Sylhet,2025-10-02,Young
CUST01698,Customer 01698,Male,54,Dhaka,2024-11-28,Senior
CUST01699,Customer 01699,Male,55,Dhaka,2024-12-26,Senior
CUST01700,Customer 01700,Female,46,Dhaka,2023-11-02,Senior
CUST01701,Customer 01701,Male,22,Chattogram,2025-08-16,Young
CUST01702,Customer 01702,Female,26,Sylhet,2025-08-11,Adult
CUST01703,Customer 01703,Male,19,Dhaka,2024-09-12,Young
CUST01704,Customer 01704,Male,18,Chattogram,2024-09-21,Young
CUST01705,Customer 01705,Male,57,Dhaka,2025-05-26,Senior
CUST01706,Customer 01706,Female,47,Rajshahi,2024-07-09,Senior
CUST01707,Customer 01707,Male,28,Rangpur,2023-03-08,Adult
CUST01708,Customer 01708,Female,45,Dhaka,2025-04-14,Senior
CUST01709,Customer 01709,Female,29,Chattogram,2023-07-25,Adult
CUST01710,Customer 01710,Female,56,Dhaka,2025-02-24,Senior
CUST01711,Customer 01711,Male,43,Sylhet,2023-06-04,Mid-age
CUST01712,Customer 01712,Male,30,Khulna,2025-12-08,Adult
CUST01713,Customer 01713,Male,25,Mymensingh,2025-02-21,Adult
CUST01714,Customer 01714,Male,45,Dhaka,2024-08-07,Senior
CUST01715,Customer 01715,Female,47,Mymensingh,2024-12-08,Senior
CUST01716,Customer 01716,Female,26,Dhaka,2023-06-28,Adult
CUST01717,Customer 01717,Female,56,Sylhet,2025-12-07,Senior
CUST01718,Customer 01718,Male,48,Dhaka,2023-04-23,Senior
CUST01719,Customer 01719,Female,38,Rangpur,2025-01-26,Mid-age
CUST01720,Customer 01720,Male,51,Chattogram,2025-06-15,Senior
CUST01721,Customer 01721,Female,48,Rajshahi,2025-03-31,Senior
CUST01722,Customer 01722,Male,42,Barishal,2023-06-08,Mid-age
CUST01723,Customer 01723,Male,29,Dhaka,2025-02-24,Adult
CUST01724,Customer 01724,Female,18,Dhaka,2025-11-19,Young
CUST01725,Customer 01725,Female,39,Rangpur,2023-09-08,Mid-age
CUST01726,Customer 01726,Female,57,Dhaka,2023-04-23,Senior
CUST01727,Customer 01727,Female,54,Dhaka,2023-09-16,Senior
CUST01728,Customer 01728,Male,18,Chattogram,2023-04-17,Young
CUST01729,Customer 01729,Female,18,Sylhet,2024-07-28,Young
CUST01730,Customer 01730,Female,59,Dhaka,2025-09-17,Senior
CUST01731,Customer 01731,Female,59,Dhaka,2024-03-02,Senior
CUST01732,Customer 01732,Male,38,Dhaka,2025-05-08,Mid-age
CUST01733,Customer 01733,Male,32,Chattogram,2025-07-06,Adult
CUST01734,Customer 01734,Female,34,Rangpur,2024-09-18,Adult
CUST01735,Customer 01735,Male,39,Mymensingh,2024-04-19,Mid-age
CUST01736,Customer 01736,Female,55,Sylhet,2024-07-05,Senior
CUST01737,Customer 01737,Male,52,Dhaka,2023-12-10,Senior
CUST01738,Customer 01738,Male,33,Rangpur,2024-09-19,Adult
CUST01739,Customer 01739,Male,25,Chattogram,2023-05-16,Adult
CUST01740,Customer 01740,Male,34,Dhaka,2023-10-04,Adult
CUST01741,Customer 01741,Female,34,Mymensingh,2023-01-31,Adult
CUST01742,Customer 01742,Female,43,Khulna,2023-09-04,Mid-age
CUST01743,Customer 01743,Female,30,Khulna,2024-02-15,Adult
CUST01744,Customer 01744,Male,34,Rajshahi,2023-01-27,Adult
CUST01745,Customer 01745,Female,55,Dhaka,2023-03-14,Senior
CUST01746,Customer 01746,Female,34,Dhaka,2024-11-03,Adult
CUST01747,Customer 01747,Female,31,Rajshahi,2024-04-20,Adult
CUST01748,Customer 01748,Male,23,Dhaka,2023-10-14,Young
CUST01749,Customer 01749,Male,52,Chattogram,2023-07-31,Senior
CUST01750,Customer 01750,Male,31,Khulna,2024-02-05,Adult
CUST01751,Customer 01751,Female,25,Khulna,2024-10-16,Adult
CUST01752,Customer 01752,Female,32,Chattogram,2025-11-23,Adult
CUST01753,Customer 01753,Female,44,Barishal,2024-05-12,Mid-age
CUST01754,Customer 01754,Male,30,Barishal,2025-04-27,Adult
CUST01755,Customer 01755,Male,48,Rajshahi,2023-04-08,Senior
CUST01756,Customer 01756,Female,52,Dhaka,2024-01-01,Senior
CUST01757,Customer 01757,Male,23,Dhaka,2024-04-07,Young
CUST01758,Customer 01758,Male,22,Dhaka,2023-01-28,Young
CUST01759,Customer 01759,Male,39,Dhaka,2024-12-13,Mid-age
CUST01760,Customer 01760,Male,40,Dhaka,2023-09-30,Mid-age
CUST01761,Customer 01761,Female,42,Dhaka,2025-04-05,Mid-age
CUST01762,Customer 01762,Male,51,Chattogram,2023-07-21,Senior
CUST01763,Customer 01763,Male,43,Rangpur,2024-03-25,Mid-age
CUST01764,Customer 01764,Male,22,Dhaka,2023-01-19,Young
CUST01765,Customer 01765,Male,43,Khulna,2023-11-07,Mid-age
CUST01766,Customer 01766,Female,37,Rajshahi,2024-02-16,Mid-age
CUST01767,Customer 01767,Female,23,Dhaka,2025-01-11,Young
CUST01768,Customer 01768,Male,23,Mymensingh,2024-09-15,Young
CUST01769,Customer 01769,Male,35,Sylhet,2025-01-01,Mid-age
CUST01770,Customer 01770,Male,21,Dhaka,2024-09-26,Young
CUST01771,Customer 01771,Male,34,Khulna,2024-05-12,Adult
CUST01772,Customer 01772,Male,31,Dhaka,2023-09-01,Adult
CUST01773,Customer 01773,Male,31,Rajshahi,2024-11-20,Adult
CUST01774,Customer 01774,Female,30,Dhaka,2024-07-30,Adult
CUST01775,Customer 01775,Male,24,Barishal,2024-05-29,Young
CUST01776,Customer 01776,Female,32,Chattogram,2023-07-26,Adult
CUST01777,Customer 01777,Female,36,Sylhet,2025-08-05,Mid-age
CUST01778,Customer 01778,Male,60,Dhaka,2024-01-29,Senior
CUST01779,Customer 01779,Female,52,Rajshahi,2025-11-10,Senior
CUST01780,Customer 01780,Female,34,Khulna,2024-12-18,Adult
CUST01781,Customer 01781,Female,52,Chattogram,2023-07-21,Senior
CUST01782,Customer 01782,Female,36,Sylhet,2023-04-30,Mid-age
CUST01783,Customer 01783,Female,37,Chattogram,2024-01-24,Mid-age
CUST01784,Customer 01784,Female,53,Rangpur,2023-08-22,Senior
CUST01785,Customer 01785,Male,52,Chattogram,2024-08-24,Senior
CUST01786,Customer 01786,Female,49,Barishal,2024-12-12,Senior
CUST01787,Customer 01787,Female,57,Barishal,2025-09-08,Senior
CUST01788,Customer 01788,Female,41,Chattogram,2025-05-06,Mid-age
CUST01789,Customer 01789,Male,34,Dhaka,2023-03-17,Adult
CUST01790,Customer 01790,Female,24,Chattogram,2024-10-10,Young
CUST01791,Customer 01791,Male,60,Barishal,2024-10-11,Senior
CUST01792,Customer 01792,Female,18,Dhaka,2024-05-10,Young
CUST01793,Customer 01793,Male,52,Chattogram,2025-04-09,Senior
CUST01794,Customer 01794,Male,49,Barishal,2024-04-27,Senior
CUST01795,Customer 01795,Female,53,Dhaka,2025-12-19,Senior
CUST01796,Customer 01796,Female,30,Rajshahi,2025-09-17,Adult
CUST01797,Customer 01797,Male,23,Dhaka,2024-09-10,Young
CUST01798,Customer 01798,Female,31,Dhaka,2024-07-03,Adult
CUST01799,Customer 01799,Male,54,Barishal,2024-10-07,Senior
CUST01800,Customer 01800,Male,32,Dhaka,2024-05-16,Adult
CUST01801,Customer 01801,Male,21,Dhaka,2025-04-25,Young
CUST01802,Customer 01802,Male,57,Rangpur,2023-02-22,Senior
CUST01803,Customer 01803,Male,33,Dhaka,2024-03-25,Adult
CUST01804,Customer 01804,Female,45,Mymensingh,2023-03-03,Senior
CUST01805,Customer 01805,Male,33,Mymensingh,2025-11-12,Adult
CUST01806,Customer 01806,Male,21,Dhaka,2023-02-13,Young
CUST01807,Customer 01807,Female,43,Dhaka,2025-03-30,Mid-age
CUST01808,Customer 01808,Male,45,Rajshahi,2024-10-20,Senior
CUST01809,Customer 01809,Female,49,Chattogram,2024-12-28,Senior
CUST01810,Customer 01810,Female,19,Dhaka,2025-05-01,Young
CUST01811,Customer 01811,Female,48,Rajshahi,2023-02-16,Senior
CUST01812,Customer 01812,Male,20,Dhaka,2025-03-30,Young
CUST01813,Customer 01813,Male,25,Rangpur,2025-11-13,Adult
CUST01814,Customer 01814,Male,41,Dhaka,2023-03-30,Mid-age
CUST01815,Customer 01815,Female,32,Dhaka,2025-01-04,Adult
CUST01816,Customer 01816,Male,60,Dhaka,2023-06-27,Senior
CUST01817,Customer 01817,Female,48,Mymensingh,2025-10-15,Senior
CUST01818,Customer 01818,Male,26,Rajshahi,2025-12-18,Adult
CUST01819,Customer 01819,Female,56,Barishal,2025-06-19,Senior
CUST01820,Customer 01820,Male,19,Chattogram,2024-03-13,Young
CUST01821,Customer 01821,Male,25,Dhaka,2024-03-01,Adult
CUST01822,Customer 01822,Male,24,Dhaka,2025-08-25,Young
CUST01823,Customer 01823,Female,56,Chattogram,2024-04-30,Senior
CUST01824,Customer 01824,Female,59,Chattogram,2024-04-04,Senior
CUST01825,Customer 01825,Male,33,Sylhet,2025-07-09,Adult
CUST01826,Customer 01826,Male,52,Dhaka,2025-11-04,Senior
CUST01827,Customer 01827,Female,47,Mymensingh,2025-01-17,Senior
CUST01828,Customer 01828,Female,27,Dhaka,2023-02-20,Adult
CUST01829,Customer 01829,Female,55,Mymensingh,2023-11-05,Senior
CUST01830,Customer 01830,Male,35,Dhaka,2025-11-23,Mid-age
CUST01831,Customer 01831,Female,22,Chattogram,2025-10-01,Young
CUST01832,Customer 01832,Male,46,Dhaka,2024-09-26,Senior
CUST01833,Customer 01833,Female,56,Chattogram,2023-07-24,Senior
CUST01834,Customer 01834,Male,51,Sylhet,2025-01-09,Senior
CUST01835,Customer 01835,Female,60,Chattogram,2025-12-29,Senior
CUST01836,Customer 01836,Female,40,Chattogram,2024-06-16,Mid-age
CUST01837,Customer 01837,Female,22,Khulna,2023-04-18,Young
CUST01838,Customer 01838,Female,47,Rajshahi,2025-05-25,Senior
CUST01839,Customer 01839,Female,23,Barishal,2023-09-08,Young
CUST01840,Customer 01840,Male,21,Dhaka,2023-05-15,Young
CUST01841,Customer 01841,Female,46,Sylhet,2024-11-19,Senior
CUST01842,Customer 01842,Female,40,Sylhet,2024-02-11,Mid-age
CUST01843,Customer 01843,Female,23,Dhaka,2023-04-12,Young
CUST01844,Customer 01844,Male,49,Chattogram,2024-11-23,Senior
CUST01845,Customer 01845,Female,59,Dhaka,2024-02-08,Senior
CUST01846,Customer 01846,Male,35,Dhaka,2025-03-24,Mid-age
CUST01847,Customer 01847,Female,32,Dhaka,2025-10-22,Adult
CUST01848,Customer 01848,Female,57,Dhaka,2025-05-04,Senior
CUST01849,Customer 01849,Male,49,Rajshahi,2025-10-23,Senior
CUST01850,Customer 01850,Female,26,Rajshahi,2025-07-30,Adult
CUST01851,Customer 01851,Male,54,Mymensingh,2025-10-17,Senior
CUST01852,Customer 01852,Male,27,Khulna,2023-06-26,Adult
CUST01853,Customer 01853,Female,37,Dhaka,2025-05-22,Mid-age
CUST01854,Customer 01854,Male,23,Rangpur,2024-04-21,Young
CUST01855,Customer 01855,Female,20,Rangpur,2024-02-02,Young
CUST01856,Customer 01856,Female,59,Chattogram,2023-08-08,Senior
CUST01857,Customer 01857,Male,28,Sylhet,2023-06-22,Adult
CUST01858,Customer 01858,Male,60,Mymensingh,2025-01-05,Senior
CUST01859,Customer 01859,Male,34,Chattogram,2024-05-16,Adult
CUST01860,Customer 01860,Male,49,Rangpur,2025-01-30,Senior
CUST01861,Customer 01861,Female,21,Dhaka,2023-05-11,Young
CUST01862,Customer 01862,Female,21,Dhaka,2025-03-08,Young
CUST01863,Customer 01863,Male,34,Chattogram,2025-03-09,Adult
CUST01864,Customer 01864,Female,58,Sylhet,2025-07-18,Senior
CUST01865,Customer 01865,Female,36,Barishal,2024-12-23,Mid-age
CUST01866,Customer 01866,Female,22,Mymensingh,2025-11-09,Young
CUST01867,Customer 01867,Female,49,Chattogram,2023-08-03,Senior
CUST01868,Customer 01868,Male,39,Dhaka,2024-05-02,Mid-age
CUST01869,Customer 01869,Male,23,Barishal,2023-11-09,Young
CUST01870,Customer 01870,Female,52,Sylhet,2023-03-20,Senior
CUST01871,Customer 01871,Male,39,Dhaka,2023-06-29,Mid-age
CUST01872,Customer 01872,Male,18,Chattogram,2025-09-30,Young
CUST01873,Customer 01873,Male,37,Khulna,2024-11-05,Mid-age
CUST01874,Customer 01874,Female,39,Khulna,2023-01-14,Mid-age
CUST01875,Customer 01875,Female,28,Chattogram,2025-05-08,Adult
CUST01876,Customer 01876,Female,30,Dhaka,2023-09-03,Adult
CUST01877,Customer 01877,Male,59,Mymensingh,2025-11-03,Senior
CUST01878,Customer 01878,Female,20,Rajshahi,2023-04-09,Young
CUST01879,Customer 01879,Female,26,Chattogram,2023-02-02,Adult
CUST01880,Customer 01880,Male,29,Dhaka,2023-09-14,Adult
CUST01881,Customer 01881,Female,40,Khulna,2023-02-03,Mid-age
CUST01882,Customer 01882,Female,31,Dhaka,2023-01-19,Adult
CUST01883,Customer 01883,Male,50,Dhaka,2024-08-11,Senior
CUST01884,Customer 01884,Male,35,Chattogram,2023-05-17,Mid-age
CUST01885,Customer 01885,Male,58,Dhaka,2023-12-25,Senior
CUST01886,Customer 01886,Female,26,Sylhet,2025-01-23,Adult
CUST01887,Customer 01887,Female,40,Dhaka,2024-02-08,Mid-age
CUST01888,Customer 01888,Female,27,Rajshahi,2023-09-07,Adult
CUST01889,Customer 01889,Male,36,Dhaka,2024-03-21,Mid-age
CUST01890,Customer 01890,Male,22,Dhaka,2025-08-11,Young
CUST01891,Customer 01891,Female,40,Dhaka,2023-10-05,Mid-age
CUST01892,Customer 01892,Female,47,Mymensingh,2023-04-22,Senior
CUST01893,Customer 01893,Male,42,Rangpur,2025-01-15,Mid-age
CUST01894,Customer 01894,Male,45,Dhaka,2024-11-18,Senior
CUST01895,Customer 01895,Male,51,Khulna,2024-01-27,Senior
CUST01896,Customer 01896,Male,42,Sylhet,2025-08-26,Mid-age
CUST01897,Customer 01897,Female,27,Mymensingh,2023-05-23,Adult
CUST01898,Customer 01898,Male,31,Dhaka,2025-11-21,Adult
CUST01899,Customer 01899,Female,59,Rajshahi,2023-06-30,Senior
CUST01900,Customer 01900,Female,47,Dhaka,2024-08-01,Senior
CUST01901,Customer 01901,Female,58,Chattogram,2025-03-08,Senior
CUST01902,Customer 01902,Male,42,Mymensingh,2023-09-26,Mid-age
CUST01903,Customer 01903,Male,31,Chattogram,2024-07-06,Adult
CUST01904,Customer 01904,Male,52,Dhaka,2024-09-24,Senior
CUST01905,Customer 01905,Male,51,Dhaka,2023-10-02,Senior
CUST01906,Customer 01906,Female,27,Rajshahi,2025-01-12,Adult
CUST01907,Customer 01907,Male,52,Rajshahi,2023-03-27,Senior
CUST01908,Customer 01908,Male,28,Dhaka,2025-12-22,Adult
CUST01909,Customer 01909,Female,28,Mymensingh,2024-02-08,Adult
CUST01910,Customer 01910,Male,38,Dhaka,2023-07-11,Mid-age
CUST01911,Customer 01911,Female,38,Dhaka,2025-11-20,Mid-age
CUST01912,Customer 01912,Female,39,Mymensingh,2023-04-17,Mid-age
CUST01913,Customer 01913,Female,24,Dhaka,2024-09-13,Young
CUST01914,Customer 01914,Female,34,Dhaka,2023-10-03,Adult
CUST01915,Customer 01915,Female,19,Chattogram,2024-10-12,Young
CUST01916,Customer 01916,Female,29,Barishal,2024-07-09,Adult
CUST01917,Customer 01917,Female,59,Dhaka,2025-12-23,Senior
CUST01918,Customer 01918,Female,35,Mymensingh,2024-07-20,Mid-age
CUST01919,Customer 01919,Male,28,Barishal,2024-08-08,Adult
CUST01920,Customer 01920,Male,33,Dhaka,2025-06-03,Adult
CUST01921,Customer 01921,Male,35,Khulna,2023-05-09,Mid-age
CUST01922,Customer 01922,Male,52,Chattogram,2023-09-13,Senior
CUST01923,Customer 01923,Female,43,Chattogram,2025-07-22,Mid-age
CUST01924,Customer 01924,Male,33,Khulna,2023-08-19,Adult
CUST01925,Customer 01925,Female,23,Mymensingh,2025-05-12,Young
CUST01926,Customer 01926,Male,60,Dhaka,2023-12-21,Senior
CUST01927,Customer 01927,Male,59,Chattogram,2023-05-26,Senior
CUST01928,Customer 01928,Male,29,Chattogram,2025-11-22,Adult
CUST01929,Customer 01929,Female,30,Dhaka,2023-09-17,Adult
CUST01930,Customer 01930,Male,21,Dhaka,2023-03-28,Young
CUST01931,Customer 01931,Female,56,Dhaka,2025-04-22,Senior
CUST01932,Customer 01932,Female,19,Rajshahi,2023-09-22,Young
CUST01933,Customer 01933,Male,43,Chattogram,2024-01-27,Mid-age
CUST01934,Customer 01934,Male,44,Dhaka,2023-08-20,Mid-age
CUST01935,Customer 01935,Male,44,Barishal,2025-06-19,Mid-age
CUST01936,Customer 01936,Female,32,Barishal,2024-08-10,Adult
CUST01937,Customer 01937,Male,25,Chattogram,2024-03-22,Adult
CUST01938,Customer 01938,Female,24,Dhaka,2024-04-10,Young
CUST01939,Customer 01939,Female,57,Sylhet,2025-07-22,Senior
CUST01940,Customer 01940,Male,29,Dhaka,2023-05-08,Adult
CUST01941,Customer 01941,Male,30,Dhaka,2025-11-15,Adult
CUST01942,Customer 01942,Female,60,Khulna,2024-07-26,Senior
CUST01943,Customer 01943,Female,34,Dhaka,2024-05-25,Adult
CUST01944,Customer 01944,Female,34,Dhaka,2024-05-02,Adult
CUST01945,Customer 01945,Male,53,Dhaka,2025-06-09,Senior
CUST01946,Customer 01946,Female,38,Dhaka,2024-08-01,Mid-age
CUST01947,Customer 01947,Male,25,Dhaka,2025-08-07,Adult
CUST01948,Customer 01948,Female,22,Mymensingh,2024-02-10,Young
CUST01949,Customer 01949,Female,43,Dhaka,2025-11-15,Mid-age
CUST01950,Customer 01950,Male,33,Dhaka,2023-12-30,Adult
CUST01951,Customer 01951,Female,53,Dhaka,2025-12-19,Senior
CUST01952,Customer 01952,Male,45,Mymensingh,2024-07-04,Senior
CUST01953,Customer 01953,Male,46,Chattogram,2023-10-19,Senior
CUST01954,Customer 01954,Female,29,Dhaka,2025-02-27,Adult
CUST01955,Customer 01955,Male,54,Rangpur,2025-03-26,Senior
CUST01956,Customer 01956,Male,47,Chattogram,2023-07-10,Senior
CUST01957,Customer 01957,Female,40,Dhaka,2024-04-05,Mid-age
CUST01958,Customer 01958,Male,33,Dhaka,2024-10-25,Adult
CUST01959,Customer 01959,Male,31,Dhaka,2023-08-21,Adult
CUST01960,Customer 01960,Male,27,Dhaka,2024-04-18,Adult
CUST01961,Customer 01961,Female,24,Rajshahi,2024-10-19,Young
CUST01962,Customer 01962,Male,54,Dhaka,2023-09-28,Senior
CUST01963,Customer 01963,Female,46,Sylhet,2023-06-20,Senior
CUST01964,Customer 01964,Female,20,Dhaka,2023-01-28,Young
CUST01965,Customer 01965,Male,32,Dhaka,2023-05-16,Adult
CUST01966,Customer 01966,Male,53,Chattogram,2025-07-13,Senior
CUST01967,Customer 01967,Male,36,Mymensingh,2024-02-09,Mid-age
CUST01968,Customer 01968,Female,30,Dhaka,2025-09-03,Adult
CUST01969,Customer 01969,Male,59,Rajshahi,2025-06-06,Senior
CUST01970,Customer 01970,Male,38,Dhaka,2025-05-05,Mid-age
CUST01971,Customer 01971,Male,54,Dhaka,2024-03-19,Senior
CUST01972,Customer 01972,Male,44,Dhaka,2024-03-09,Mid-age
CUST01973,Customer 01973,Male,46,Dhaka,2024-05-23,Senior
CUST01974,Customer 01974,Female,37,Dhaka,2023-02-03,Mid-age
CUST01975,Customer 01975,Female,42,Dhaka,2025-10-22,Mid-age
CUST01976,Customer 01976,Male,23,Khulna,2023-12-28,Young
CUST01977,Customer 01977,Male,53,Dhaka,2024-08-28,Senior
CUST01978,Customer 01978,Male,19,Chattogram,2024-12-16,Young
CUST01979,Customer 01979,Male,39,Dhaka,2023-09-07,Mid-age
CUST01980,Customer 01980,Female,49,Chattogram,2023-05-27,Senior
CUST01981,Customer 01981,Male,33,Sylhet,2023-12-14,Adult
CUST01982,Customer 01982,Female,35,Dhaka,2024-02-03,Mid-age
CUST01983,Customer 01983,Female,22,Dhaka,2023-05-05,Young
CUST01984,Customer 01984,Male,53,Khulna,2025-02-01,Senior
CUST01985,Customer 01985,Female,47,Rangpur,2024-02-02,Senior
CUST01986,Customer 01986,Female,36,Dhaka,2023-05-11,Mid-age
CUST01987,Customer 01987,Female,40,Dhaka,2024-08-27,Mid-age
CUST01988,Customer 01988,Female,51,Rangpur,2025-06-10,Senior
CUST01989,Customer 01989,Male,30,Dhaka,2025-04-01,Adult
CUST01990,Customer 01990,Male,60,Chattogram,2025-06-20,Senior
CUST01991,Customer 01991,Female,46,Dhaka,2025-08-02,Senior
CUST01992,Customer 01992,Male,53,Dhaka,2025-01-01,Senior
CUST01993,Customer 01993,Male,39,Sylhet,2023-11-30,Mid-age
CUST01994,Customer 01994,Male,53,Chattogram,2025-11-09,Senior
CUST01995,Customer 01995,Male,26,Dhaka,2023-07-24,Adult
CUST01996,Customer 01996,Male,56,Chattogram,2025-08-13,Senior
CUST01997,Customer 01997,Female,36,Barishal,2023-12-21,Mid-age
CUST01998,Customer 01998,Male,55,Sylhet,2025-04-03,Senior
CUST01999,Customer 01999,Male,23,Dhaka,2025-10-22,Young
CUST02000,Customer 02000,Male,32,Chattogram,2025-07-29,Adult
CUST02001,Customer 02001,Male,37,Rajshahi,2023-06-17,Mid-age
CUST02002,Customer 02002,Female,26,Barishal,2024-01-03,Adult
CUST02003,Customer 02003,Female,49,Sylhet,2024-06-19,Senior
CUST02004,Customer 02004,Female,21,Dhaka,2025-08-20,Young
CUST02005,Customer 02005,Female,35,Khulna,2024-08-02,Mid-age
CUST02006,Customer 02006,Male,22,Rajshahi,2025-08-07,Young
CUST02007,Customer 02007,Female,37,Dhaka,2023-07-26,Mid-age
CUST02008,Customer 02008,Male,40,Chattogram,2025-12-08,Mid-age
CUST02009,Customer 02009,Male,28,Dhaka,2024-06-27,Adult
CUST02010,Customer 02010,Male,54,Rajshahi,2023-05-09,Senior
CUST02011,Customer 02011,Male,39,Dhaka,2024-09-05,Mid-age
CUST02012,Customer 02012,Male,21,Sylhet,2023-02-04,Young
CUST02013,Customer 02013,Female,46,Rangpur,2025-03-29,Senior
CUST02014,Customer 02014,Female,51,Barishal,2023-07-18,Senior
CUST02015,Customer 02015,Female,30,Mymensingh,2023-03-18,Adult
CUST02016,Customer 02016,Female,59,Mymensingh,2024-01-04,Senior
CUST02017,Customer 02017,Male,26,Dhaka,2025-04-12,Adult
CUST02018,Customer 02018,Female,59,Sylhet,2024-06-09,Senior
CUST02019,Customer 02019,Male,48,Chattogram,2023-12-15,Senior
CUST02020,Customer 02020,Female,24,Rangpur,2024-05-20,Young
CUST02021,Customer 02021,Male,21,Dhaka,2024-10-04,Young
CUST02022,Customer 02022,Male,36,Mymensingh,2023-08-26,Mid-age
CUST02023,Customer 02023,Female,59,Sylhet,2023-05-18,Senior
CUST02024,Customer 02024,Male,47,Barishal,2024-09-03,Senior
CUST02025,Customer 02025,Male,48,Dhaka,2024-11-10,Senior
CUST02026,Customer 02026,Female,52,Dhaka,2025-04-18,Senior
CUST02027,Customer 02027,Male,38,Khulna,2025-07-26,Mid-age
CUST02028,Customer 02028,Female,48,Dhaka,2023-12-21,Senior
CUST02029,Customer 02029,Female,36,Barishal,2024-07-31,Mid-age
CUST02030,Customer 02030,Female,48,Dhaka,2025-04-26,Senior
CUST02031,Customer 02031,Male,49,Rajshahi,2024-07-12,Senior
CUST02032,Customer 02032,Male,19,Dhaka,2025-04-28,Young
CUST02033,Customer 02033,Male,27,Sylhet,2023-05-20,Adult
CUST02034,Customer 02034,Female,19,Rajshahi,2024-10-24,Young
CUST02035,Customer 02035,Male,19,Dhaka,2023-01-21,Young
CUST02036,Customer 02036,Female,41,Dhaka,2023-03-05,Mid-age
CUST02037,Customer 02037,Female,34,Dhaka,2025-09-16,Adult
CUST02038,Customer 02038,Male,49,Sylhet,2023-06-11,Senior
CUST02039,Customer 02039,Female,33,Chattogram,2023-05-10,Adult
CUST02040,Customer 02040,Male,33,Khulna,2024-08-03,Adult
CUST02041,Customer 02041,Male,56,Chattogram,2023-08-13,Senior
CUST02042,Customer 02042,Male,48,Chattogram,2024-08-02,Senior
CUST02043,Customer 02043,Male,60,Chattogram,2025-09-09,Senior
CUST02044,Customer 02044,Male,41,Dhaka,2025-10-01,Mid-age
CUST02045,Customer 02045,Female,18,Dhaka,2023-04-17,Young
CUST02046,Customer 02046,Female,28,Mymensingh,2024-09-12,Adult
CUST02047,Customer 02047,Female,38,Rangpur,2025-04-19,Mid-age
CUST02048,Customer 02048,Male,21,Dhaka,2024-07-30,Young
CUST02049,Customer 02049,Male,24,Sylhet,2023-07-18,Young
CUST02050,Customer 02050,Male,43,Barishal,2024-05-24,Mid-age
CUST02051,Customer 02051,Female,29,Chattogram,2024-10-28,Adult
CUST02052,Customer 02052,Male,48,Dhaka,2023-03-20,Senior
CUST02053,Customer 02053,Female,34,Dhaka,2025-06-12,Adult
CUST02054,Customer 02054,Female,50,Chattogram,2024-05-26,Senior
CUST02055,Customer 02055,Male,28,Mymensingh,2023-09-07,Adult
CUST02056,Customer 02056,Male,45,Rajshahi,2025-06-07,Senior
CUST02057,Customer 02057,Female,49,Dhaka,2025-10-20,Senior
CUST02058,Customer 02058,Male,18,Dhaka,2024-08-21,Young
CUST02059,Customer 02059,Female,45,Khulna,2025-01-22,Senior
CUST02060,Customer 02060,Male,59,Barishal,2024-08-22,Senior
CUST02061,Customer 02061,Male,24,Sylhet,2025-09-01,Young
CUST02062,Customer 02062,Female,19,Rajshahi,2024-04-27,Young
CUST02063,Customer 02063,Male,59,Dhaka,2025-04-15,Senior
CUST02064,Customer 02064,Female,41,Barishal,2023-06-21,Mid-age
CUST02065,Customer 02065,Male,21,Khulna,2025-05-18,Young
CUST02066,Customer 02066,Female,36,Dhaka,2023-01-17,Mid-age
CUST02067,Customer 02067,Female,43,Rajshahi,2024-01-29,Mid-age
CUST02068,Customer 02068,Male,28,Dhaka,2023-08-22,Adult
CUST02069,Customer 02069,Female,57,Dhaka,2023-09-05,Senior
CUST02070,Customer 02070,Male,60,Dhaka,2023-02-21,Senior
CUST02071,Customer 02071,Male,28,Dhaka,2023-01-15,Adult
CUST02072,Customer 02072,Male,20,Dhaka,2024-03-16,Young
CUST02073,Customer 02073,Female,29,Chattogram,2024-11-26,Adult
CUST02074,Customer 02074,Female,20,Chattogram,2023-01-07,Young
CUST02075,Customer 02075,Male,59,Chattogram,2025-04-05,Senior
CUST02076,Customer 02076,Male,44,Dhaka,2025-11-02,Mid-age
CUST02077,Customer 02077,Female,19,Dhaka,2024-04-22,Young
CUST02078,Customer 02078,Male,33,Sylhet,2024-09-22,Adult
CUST02079,Customer 02079,Male,19,Chattogram,2024-12-15,Young
CUST02080,Customer 02080,Female,47,Dhaka,2023-04-25,Senior
CUST02081,Customer 02081,Male,37,Rangpur,2024-05-23,Mid-age
CUST02082,Customer 02082,Female,55,Khulna,2023-02-26,Senior
CUST02083,Customer 02083,Male,45,Rangpur,2024-01-17,Senior
CUST02084,Customer 02084,Female,42,Chattogram,2025-08-09,Mid-age
CUST02085,Customer 02085,Male,49,Dhaka,2023-10-02,Senior
CUST02086,Customer 02086,Male,27,Rajshahi,2023-02-13,Adult
CUST02087,Customer 02087,Female,59,Dhaka,2024-12-18,Senior
CUST02088,Customer 02088,Male,57,Chattogram,2023-11-14,Senior
CUST02089,Customer 02089,Female,50,Dhaka,2024-06-17,Senior
CUST02090,Customer 02090,Male,30,Barishal,2023-08-25,Adult
CUST02091,Customer 02091,Female,58,Dhaka,2025-06-11,Senior
CUST02092,Customer 02092,Female,59,Rangpur,2024-05-31,Senior
CUST02093,Customer 02093,Female,54,Rangpur,2023-02-07,Senior
CUST02094,Customer 02094,Female,33,Chattogram,2024-10-15,Adult
CUST02095,Customer 02095,Male,39,Khulna,2025-01-16,Mid-age
CUST02096,Customer 02096,Male,37,Sylhet,2025-04-20,Mid-age
CUST02097,Customer 02097,Female,60,Barishal,2024-03-23,Senior
CUST02098,Customer 02098,Female,44,Chattogram,2024-11-14,Mid-age
CUST02099,Customer 02099,Female,58,Khulna,2023-05-05,Senior
CUST02100,Customer 02100,Male,33,Chattogram,2025-12-24,Adult
CUST02101,Customer 02101,Male,51,Mymensingh,2025-03-03,Senior
CUST02102,Customer 02102,Male,49,Chattogram,2025-02-22,Senior
CUST02103,Customer 02103,Male,43,Chattogram,2023-08-14,Mid-age
CUST02104,Customer 02104,Female,42,Khulna,2024-04-09,Mid-age
CUST02105,Customer 02105,Female,19,Barishal,2024-10-04,Young
CUST02106,Customer 02106,Female,29,Chattogram,2023-10-20,Adult
CUST02107,Customer 02107,Male,57,Dhaka,2024-12-21,Senior
CUST02108,Customer 02108,Male,26,Chattogram,2025-01-25,Adult
CUST02109,Customer 02109,Male,29,Mymensingh,2023-06-15,Adult
CUST02110,Customer 02110,Female,43,Khulna,2025-02-07,Mid-age
CUST02111,Customer 02111,Female,26,Barishal,2025-10-03,Adult
CUST02112,Customer 02112,Male,27,Dhaka,2025-05-20,Adult
CUST02113,Customer 02113,Female,49,Chattogram,2025-12-11,Senior
CUST02114,Customer 02114,Male,51,Rajshahi,2024-07-20,Senior
CUST02115,Customer 02115,Male,37,Barishal,2025-11-03,Mid-age
CUST02116,Customer 02116,Female,56,Dhaka,2024-08-24,Senior
CUST02117,Customer 02117,Male,19,Rangpur,2025-06-23,Young
CUST02118,Customer 02118,Female,18,Chattogram,2023-02-10,Young
CUST02119,Customer 02119,Male,53,Dhaka,2025-10-26,Senior
CUST02120,Customer 02120,Female,41,Dhaka,2023-08-30,Mid-age
CUST02121,Customer 02121,Female,44,Dhaka,2023-06-11,Mid-age
CUST02122,Customer 02122,Female,19,Chattogram,2025-10-15,Young
CUST02123,Customer 02123,Male,48,Dhaka,2024-11-22,Senior
CUST02124,Customer 02124,Male,31,Dhaka,2025-03-19,Adult
CUST02125,Customer 02125,Female,19,Barishal,2025-09-05,Young
CUST02126,Customer 02126,Female,46,Dhaka,2024-06-01,Senior
CUST02127,Customer 02127,Male,32,Dhaka,2025-06-16,Adult
CUST02128,Customer 02128,Male,29,Chattogram,2025-02-21,Adult
CUST02129,Customer 02129,Male,54,Chattogram,2025-02-22,Senior
CUST02130,Customer 02130,Female,45,Khulna,2023-03-26,Senior
CUST02131,Customer 02131,Male,37,Chattogram,2025-10-30,Mid-age
CUST02132,Customer 02132,Male,56,Khulna,2023-05-18,Senior
CUST02133,Customer 02133,Female,41,Sylhet,2025-01-23,Mid-age
CUST02134,Customer 02134,Male,38,Dhaka,2025-06-24,Mid-age
CUST02135,Customer 02135,Male,27,Dhaka,2024-12-13,Adult
CUST02136,Customer 02136,Male,31,Chattogram,2023-06-05,Adult
CUST02137,Customer 02137,Female,54,Chattogram,2024-02-12,Senior
CUST02138,Customer 02138,Female,35,Khulna,2025-02-25,Mid-age
CUST02139,Customer 02139,Female,41,Sylhet,2024-08-02,Mid-age
CUST02140,Customer 02140,Female,31,Chattogram,2024-07-07,Adult
CUST02141,Customer 02141,Female,51,Dhaka,2024-01-31,Senior
CUST02142,Customer 02142,Female,29,Dhaka,2025-03-20,Adult
CUST02143,Customer 02143,Female,39,Sylhet,2025-08-19,Mid-age
CUST02144,Customer 02144,Male,23,Chattogram,2024-06-25,Young
CUST02145,Customer 02145,Male,53,Chattogram,2025-10-29,Senior
CUST02146,Customer 02146,Female,53,Dhaka,2025-09-13,Senior
CUST02147,Customer 02147,Male,39,Rajshahi,2023-06-19,Mid-age
CUST02148,Customer 02148,Male,31,Rangpur,2023-10-17,Adult
CUST02149,Customer 02149,Female,33,Dhaka,2025-01-09,Adult
CUST02150,Customer 02150,Male,53,Chattogram,2024-08-10,Senior
CUST02151,Customer 02151,Male,42,Mymensingh,2025-01-04,Mid-age
CUST02152,Customer 02152,Male,49,Dhaka,2024-04-01,Senior
CUST02153,Customer 02153,Male,50,Sylhet,2024-12-01,Senior
CUST02154,Customer 02154,Male,53,Dhaka,2025-09-05,Senior
CUST02155,Customer 02155,Female,37,Sylhet,2023-02-15,Mid-age
CUST02156,Customer 02156,Female,35,Dhaka,2025-11-06,Mid-age
CUST02157,Customer 02157,Female,55,Mymensingh,2023-08-19,Senior
CUST02158,Customer 02158,Male,20,Khulna,2025-08-07,Young
CUST02159,Customer 02159,Female,40,Khulna,2024-09-28,Mid-age
CUST02160,Customer 02160,Male,49,Rajshahi,2023-04-22,Senior
CUST02161,Customer 02161,Male,33,Sylhet,2024-08-15,Adult
CUST02162,Customer 02162,Male,22,Chattogram,2025-05-08,Young
CUST02163,Customer 02163,Male,21,Rangpur,2024-01-26,Young
CUST02164,Customer 02164,Female,38,Mymensingh,2024-01-27,Mid-age
CUST02165,Customer 02165,Female,57,Chattogram,2023-11-24,Senior
CUST02166,Customer 02166,Male,31,Mymensingh,2025-01-16,Adult
CUST02167,Customer 02167,Female,56,Sylhet,2024-01-02,Senior
CUST02168,Customer 02168,Male,48,Chattogram,2023-03-23,Senior
CUST02169,Customer 02169,Female,31,Chattogram,2025-03-16,Adult
CUST02170,Customer 02170,Female,23,Dhaka,2025-04-01,Young
CUST02171,Customer 02171,Male,29,Dhaka,2025-08-09,Adult
CUST02172,Customer 02172,Female,33,Dhaka,2024-01-07,Adult
CUST02173,Customer 02173,Male,34,Chattogram,2023-09-21,Adult
CUST02174,Customer 02174,Female,40,Dhaka,2023-04-20,Mid-age
CUST02175,Customer 02175,Male,31,Chattogram,2023-11-03,Adult
CUST02176,Customer 02176,Male,24,Mymensingh,2023-08-14,Young
CUST02177,Customer 02177,Female,49,Dhaka,2023-07-04,Senior
CUST02178,Customer 02178,Female,32,Chattogram,2025-08-21,Adult
CUST02179,Customer 02179,Male,34,Dhaka,2023-01-31,Adult
CUST02180,Customer 02180,Female,58,Dhaka,2024-09-05,Senior
CUST02181,Customer 02181,Female,51,Khulna,2023-04-09,Senior
CUST02182,Customer 02182,Male,22,Sylhet,2025-03-21,Young
CUST02183,Customer 02183,Male,44,Khulna,2024-10-13,Mid-age
CUST02184,Customer 02184,Female,40,Dhaka,2025-03-24,Mid-age
CUST02185,Customer 02185,Male,57,Sylhet,2025-10-16,Senior
CUST02186,Customer 02186,Male,31,Dhaka,2025-09-04,Adult
CUST02187,Customer 02187,Male,32,Dhaka,2023-03-29,Adult
CUST02188,Customer 02188,Female,60,Dhaka,2025-12-22,Senior
CUST02189,Customer 02189,Female,50,Dhaka,2025-07-10,Senior
CUST02190,Customer 02190,Male,48,Dhaka,2024-08-08,Senior
CUST02191,Customer 02191,Female,52,Dhaka,2025-03-28,Senior
CUST02192,Customer 02192,Male,34,Mymensingh,2025-07-20,Adult
CUST02193,Customer 02193,Female,45,Dhaka,2025-03-07,Senior
CUST02194,Customer 02194,Male,36,Dhaka,2025-10-15,Mid-age
CUST02195,Customer 02195,Male,40,Dhaka,2025-10-09,Mid-age
CUST02196,Customer 02196,Female,49,Sylhet,2025-08-30,Senior
CUST02197,Customer 02197,Male,57,Dhaka,2024-09-24,Senior
CUST02198,Customer 02198,Female,30,Rangpur,2023-12-12,Adult
CUST02199,Customer 02199,Female,37,Mymensingh,2024-12-24,Mid-age
CUST02200,Customer 02200,Male,52,Dhaka,2025-06-19,Senior
CUST02201,Customer 02201,Male,22,Chattogram,2025-11-03,Young
CUST02202,Customer 02202,Female,26,Dhaka,2023-05-16,Adult
CUST02203,Customer 02203,Male,46,Rajshahi,2024-02-01,Senior
CUST02204,Customer 02204,Male,23,Chattogram,2025-03-02,Young
CUST02205,Customer 02205,Male,42,Dhaka,2023-03-20,Mid-age
CUST02206,Customer 02206,Male,48,Dhaka,2024-12-05,Senior
CUST02207,Customer 02207,Male,39,Rajshahi,2025-09-08,Mid-age
CUST02208,Customer 02208,Female,19,Chattogram,2025-12-10,Young
CUST02209,Customer 02209,Female,22,Dhaka,2025-01-13,Young
CUST02210,Customer 02210,Male,44,Rajshahi,2024-01-19,Mid-age
CUST02211,Customer 02211,Male,42,Sylhet,2024-01-10,Mid-age
CUST02212,Customer 02212,Male,25,Rangpur,2023-07-25,Adult
CUST02213,Customer 02213,Female,18,Dhaka,2024-05-03,Young
CUST02214,Customer 02214,Male,37,Khulna,2025-05-30,Mid-age
CUST02215,Customer 02215,Female,40,Rajshahi,2024-09-23,Mid-age
CUST02216,Customer 02216,Female,49,Dhaka,2024-08-14,Senior
CUST02217,Customer 02217,Female,28,Rajshahi,2025-12-01,Adult
CUST02218,Customer 02218,Male,56,Chattogram,2024-06-16,Senior
CUST02219,Customer 02219,Female,41,Mymensingh,2024-06-05,Mid-age
CUST02220,Customer 02220,Male,28,Dhaka,2025-04-04,Adult
CUST02221,Customer 02221,Female,46,Rajshahi,2024-08-20,Senior
CUST02222,Customer 02222,Male,43,Chattogram,2023-04-23,Mid-age
CUST02223,Customer 02223,Female,33,Mymensingh,2025-01-03,Adult
CUST02224,Customer 02224,Male,52,Dhaka,2023-11-14,Senior
CUST02225,Customer 02225,Female,37,Mymensingh,2025-09-22,Mid-age
CUST02226,Customer 02226,Male,20,Rangpur,2023-08-01,Young
CUST02227,Customer 02227,Male,18,Dhaka,2023-09-10,Young
CUST02228,Customer 02228,Male,18,Barishal,2023-05-04,Young
CUST02229,Customer 02229,Male,34,Mymensingh,2024-09-15,Adult
CUST02230,Customer 02230,Female,19,Dhaka,2025-12-24,Young
CUST02231,Customer 02231,Female,46,Chattogram,2025-06-16,Senior
CUST02232,Customer 02232,Male,37,Chattogram,2023-09-04,Mid-age
CUST02233,Customer 02233,Female,23,Dhaka,2024-03-16,Young
CUST02234,Customer 02234,Male,25,Dhaka,2023-02-14,Adult
CUST02235,Customer 02235,Male,46,Dhaka,2024-10-19,Senior
CUST02236,Customer 02236,Female,50,Dhaka,2025-05-29,Senior
CUST02237,Customer 02237,Male,20,Chattogram,2025-10-13,Young
CUST02238,Customer 02238,Male,52,Dhaka,2024-07-07,Senior
CUST02239,Customer 02239,Female,22,Rangpur,2025-03-19,Young
CUST02240,Customer 02240,Male,44,Rajshahi,2025-08-28,Mid-age
CUST02241,Customer 02241,Male,29,Dhaka,2024-12-30,Adult
CUST02242,Customer 02242,Male,37,Rajshahi,2025-10-17,Mid-age
CUST02243,Customer 02243,Male,37,Rajshahi,2025-08-11,Mid-age
CUST02244,Customer 02244,Female,26,Mymensingh,2025-12-26,Adult
CUST02245,Customer 02245,Female,56,Dhaka,2025-11-30,Senior
CUST02246,Customer 02246,Female,21,Dhaka,2023-04-09,Young
CUST02247,Customer 02247,Male,36,Mymensingh,2025-05-21,Mid-age
CUST02248,Customer 02248,Male,55,Mymensingh,2023-10-28,Senior
CUST02249,Customer 02249,Female,44,Khulna,2024-05-02,Mid-age
CUST02250,Customer 02250,Male,60,Khulna,2025-10-01,Senior
CUST02251,Customer 02251,Male,30,Dhaka,2024-04-21,Adult
CUST02252,Customer 02252,Male,30,Chattogram,2025-05-10,Adult
CUST02253,Customer 02253,Male,39,Dhaka,2025-03-19,Mid-age
CUST02254,Customer 02254,Female,45,Dhaka,2024-06-01,Senior
CUST02255,Customer 02255,Female,39,Barishal,2024-04-03,Mid-age
CUST02256,Customer 02256,Female,60,Dhaka,2023-08-18,Senior
CUST02257,Customer 02257,Male,36,Chattogram,2023-01-08,Mid-age
CUST02258,Customer 02258,Female,25,Mymensingh,2023-07-14,Adult
CUST02259,Customer 02259,Female,25,Dhaka,2025-11-08,Adult
CUST02260,Customer 02260,Male,59,Mymensingh,2023-12-20,Senior
CUST02261,Customer 02261,Male,43,Mymensingh,2025-12-08,Mid-age
CUST02262,Customer 02262,Female,43,Chattogram,2024-04-08,Mid-age
CUST02263,Customer 02263,Female,40,Dhaka,2023-12-22,Mid-age
CUST02264,Customer 02264,Female,60,Dhaka,2025-04-29,Senior
CUST02265,Customer 02265,Female,30,Chattogram,2025-08-31,Adult
CUST02266,Customer 02266,Male,45,Dhaka,2023-03-07,Senior
CUST02267,Customer 02267,Female,26,Dhaka,2025-05-08,Adult
CUST02268,Customer 02268,Female,37,Mymensingh,2024-07-24,Mid-age
CUST02269,Customer 02269,Male,36,Dhaka,2023-11-04,Mid-age
CUST02270,Customer 02270,Female,56,Khulna,2025-02-21,Senior
CUST02271,Customer 02271,Male,29,Dhaka,2023-05-01,Adult
CUST02272,Customer 02272,Male,32,Sylhet,2025-02-04,Adult
CUST02273,Customer 02273,Male,48,Rangpur,2025-02-11,Senior
CUST02274,Customer 02274,Female,31,Dhaka,2023-04-06,Adult
CUST02275,Customer 02275,Female,28,Dhaka,2025-09-13,Adult
CUST02276,Customer 02276,Male,43,Rajshahi,2024-06-23,Mid-age
CUST02277,Customer 02277,Female,59,Khulna,2023-01-02,Senior
CUST02278,Customer 02278,Female,44,Rajshahi,2024-08-02,Mid-age
CUST02279,Customer 02279,Male,28,Dhaka,2023-11-29,Adult
CUST02280,Customer 02280,Male,55,Dhaka,2025-11-13,Senior
CUST02281,Customer 02281,Female,51,Mymensingh,2025-01-11,Senior
CUST02282,Customer 02282,Male,60,Mymensingh,2024-05-20,Senior
CUST02283,Customer 02283,Female,36,Chattogram,2025-09-26,Mid-age
CUST02284,Customer 02284,Female,23,Barishal,2025-01-02,Young
CUST02285,Customer 02285,Female,55,Chattogram,2024-05-28,Senior
CUST02286,Customer 02286,Female,59,Chattogram,2025-06-13,Senior
CUST02287,Customer 02287,Male,45,Dhaka,2023-12-27,Senior
CUST02288,Customer 02288,Male,18,Chattogram,2023-10-01,Young
CUST02289,Customer 02289,Male,52,Chattogram,2023-06-26,Senior
CUST02290,Customer 02290,Male,57,Dhaka,2024-06-10,Senior
CUST02291,Customer 02291,Female,25,Chattogram,2025-07-01,Adult
CUST02292,Customer 02292,Female,24,Khulna,2023-10-06,Young
CUST02293,Customer 02293,Male,28,Rajshahi,2024-12-06,Adult
CUST02294,Customer 02294,Female,56,Sylhet,2023-03-05,Senior
CUST02295,Customer 02295,Female,21,Rangpur,2023-10-17,Young
CUST02296,Customer 02296,Female,42,Dhaka,2023-01-18,Mid-age
CUST02297,Customer 02297,Male,29,Chattogram,2023-03-05,Adult
CUST02298,Customer 02298,Male,43,Khulna,2023-11-26,Mid-age
CUST02299,Customer 02299,Male,55,Chattogram,2025-02-01,Senior
CUST02300,Customer 02300,Female,29,Dhaka,2025-11-06,Adult
CUST02301,Customer 02301,Male,60,Dhaka,2024-03-18,Senior
CUST02302,Customer 02302,Male,54,Rangpur,2023-05-21,Senior
CUST02303,Customer 02303,Male,41,Chattogram,2024-03-19,Mid-age
CUST02304,Customer 02304,Male,33,Rangpur,2024-05-10,Adult
CUST02305,Customer 02305,Male,30,Sylhet,2024-03-01,Adult
CUST02306,Customer 02306,Male,42,Rajshahi,2024-03-25,Mid-age
CUST02307,Customer 02307,Female,21,Barishal,2023-12-17,Young
CUST02308,Customer 02308,Female,28,Rajshahi,2024-08-21,Adult
CUST02309,Customer 02309,Male,49,Chattogram,2024-12-11,Senior
CUST02310,Customer 02310,Male,24,Chattogram,2025-05-19,Young
CUST02311,Customer 02311,Female,28,Barishal,2024-01-28,Adult
CUST02312,Customer 02312,Female,45,Dhaka,2025-04-21,Senior
CUST02313,Customer 02313,Male,58,Chattogram,2024-02-05,Senior
CUST02314,Customer 02314,Male,40,Dhaka,2023-02-19,Mid-age
CUST02315,Customer 02315,Male,40,Rangpur,2025-01-13,Mid-age
CUST02316,Customer 02316,Male,45,Dhaka,2025-06-24,Senior
CUST02317,Customer 02317,Female,60,Rajshahi,2025-11-01,Senior
CUST02318,Customer 02318,Male,43,Chattogram,2025-09-17,Mid-age
CUST02319,Customer 02319,Male,42,Chattogram,2025-11-04,Mid-age
CUST02320,Customer 02320,Male,46,Rajshahi,2023-01-28,Senior
CUST02321,Customer 02321,Male,36,Dhaka,2024-01-23,Mid-age
CUST02322,Customer 02322,Female,50,Sylhet,2025-04-12,Senior
CUST02323,Customer 02323,Female,53,Khulna,2023-09-07,Senior
CUST02324,Customer 02324,Female,31,Barishal,2023-04-08,Adult
CUST02325,Customer 02325,Male,31,Dhaka,2025-11-28,Adult
CUST02326,Customer 02326,Male,52,Rangpur,2025-11-27,Senior
CUST02327,Customer 02327,Female,47,Rajshahi,2023-06-28,Senior
CUST02328,Customer 02328,Male,45,Rangpur,2025-06-10,Senior
CUST02329,Customer 02329,Male,34,Chattogram,2025-01-19,Adult
CUST02330,Customer 02330,Female,20,Chattogram,2024-03-28,Young
CUST02331,Customer 02331,Female,33,Rangpur,2023-04-07,Adult
CUST02332,Customer 02332,Female,47,Rangpur,2023-11-05,Senior
CUST02333,Customer 02333,Female,46,Chattogram,2023-09-19,Senior
CUST02334,Customer 02334,Male,32,Dhaka,2023-10-20,Adult
CUST02335,Customer 02335,Male,42,Chattogram,2023-09-06,Mid-age
CUST02336,Customer 02336,Female,55,Chattogram,2023-09-02,Senior
CUST02337,Customer 02337,Male,59,Dhaka,2023-09-08,Senior
CUST02338,Customer 02338,Female,55,Dhaka,2023-05-03,Senior
CUST02339,Customer 02339,Female,40,Rangpur,2023-11-21,Mid-age
CUST02340,Customer 02340,Male,42,Dhaka,2025-09-12,Mid-age
CUST02341,Customer 02341,Female,59,Rajshahi,2024-05-15,Senior
CUST02342,Customer 02342,Male,24,Dhaka,2024-11-17,Young
CUST02343,Customer 02343,Male,39,Dhaka,2025-12-25,Mid-age
CUST02344,Customer 02344,Male,34,Dhaka,2025-04-15,Adult
CUST02345,Customer 02345,Male,35,Dhaka,2023-02-28,Mid-age
CUST02346,Customer 02346,Female,58,Khulna,2024-12-31,Senior
CUST02347,Customer 02347,Male,27,Rangpur,2023-09-23,Adult
CUST02348,Customer 02348,Female,27,Dhaka,2023-08-24,Adult
CUST02349,Customer 02349,Female,24,Chattogram,2025-06-16,Young
CUST02350,Customer 02350,Female,55,Chattogram,2023-08-06,Senior
CUST02351,Customer 02351,Female,44,Rangpur,2025-09-01,Mid-age
CUST02352,Customer 02352,Male,50,Khulna,2024-08-11,Senior
CUST02353,Customer 02353,Male,18,Chattogram,2025-07-05,Young
CUST02354,Customer 02354,Female,51,Rajshahi,2025-07-06,Senior
CUST02355,Customer 02355,Female,21,Barishal,2023-12-19,Young
CUST02356,Customer 02356,Male,34,Dhaka,2023-04-01,Adult
CUST02357,Customer 02357,Female,21,Chattogram,2024-12-02,Young
CUST02358,Customer 02358,Male,60,Rangpur,2023-03-14,Senior
CUST02359,Customer 02359,Female,43,Khulna,2024-11-15,Mid-age
CUST02360,Customer 02360,Male,21,Chattogram,2024-12-22,Young
CUST02361,Customer 02361,Female,18,Chattogram,2025-08-15,Young
CUST02362,Customer 02362,Female,24,Dhaka,2025-11-21,Young
CUST02363,Customer 02363,Male,47,Chattogram,2024-10-09,Senior
CUST02364,Customer 02364,Female,26,Rajshahi,2025-01-29,Adult
CUST02365,Customer 02365,Female,52,Chattogram,2025-05-20,Senior
CUST02366,Customer 02366,Male,25,Khulna,2023-05-23,Adult
CUST02367,Customer 02367,Female,41,Rangpur,2025-08-06,Mid-age
CUST02368,Customer 02368,Male,36,Dhaka,2023-02-13,Mid-age
CUST02369,Customer 02369,Male,53,Chattogram,2023-02-01,Senior
CUST02370,Customer 02370,Female,60,Chattogram,2023-01-28,Senior
CUST02371,Customer 02371,Female,44,Rajshahi,2025-10-16,Mid-age
CUST02372,Customer 02372,Female,49,Dhaka,2024-02-27,Senior
CUST02373,Customer 02373,Female,31,Rajshahi,2024-05-05,Adult
CUST02374,Customer 02374,Female,35,Rangpur,2023-06-09,Mid-age
CUST02375,Customer 02375,Female,45,Chattogram,2025-04-24,Senior
CUST02376,Customer 02376,Female,46,Rangpur,2023-01-18,Senior
CUST02377,Customer 02377,Male,33,Mymensingh,2024-11-02,Adult
CUST02378,Customer 02378,Female,52,Dhaka,2023-08-20,Senior
CUST02379,Customer 02379,Male,48,Dhaka,2024-02-28,Senior
CUST02380,Customer 02380,Female,21,Mymensingh,2025-06-22,Young
CUST02381,Customer 02381,Female,54,Mymensingh,2025-01-24,Senior
CUST02382,Customer 02382,Male,34,Dhaka,2025-04-16,Adult
CUST02383,Customer 02383,Female,56,Dhaka,2025-06-12,Senior
CUST02384,Customer 02384,Female,43,Dhaka,2023-08-27,Mid-age
CUST02385,Customer 02385,Male,56,Mymensingh,2023-05-29,Senior
CUST02386,Customer 02386,Female,58,Dhaka,2024-09-14,Senior
CUST02387,Customer 02387,Female,21,Chattogram,2023-01-17,Young
CUST02388,Customer 02388,Female,47,Barishal,2025-07-02,Senior
CUST02389,Customer 02389,Male,47,Dhaka,2023-08-14,Senior
CUST02390,Customer 02390,Female,39,Sylhet,2024-10-13,Mid-age
CUST02391,Customer 02391,Female,28,Dhaka,2023-09-17,Adult
CUST02392,Customer 02392,Female,19,Rangpur,2024-11-04,Young
CUST02393,Customer 02393,Female,29,Dhaka,2023-06-23,Adult
CUST02394,Customer 02394,Male,47,Rajshahi,2023-07-24,Senior
CUST02395,Customer 02395,Male,53,Rajshahi,2024-02-19,Senior
CUST02396,Customer 02396,Female,35,Dhaka,2025-03-02,Mid-age
CUST02397,Customer 02397,Female,43,Dhaka,2025-12-24,Mid-age
CUST02398,Customer 02398,Male,24,Chattogram,2024-06-01,Young
CUST02399,Customer 02399,Male,18,Dhaka,2025-12-26,Young
CUST02400,Customer 02400,Female,43,Barishal,2025-09-05,Mid-age
CUST02401,Customer 02401,Male,40,Barishal,2025-10-06,Mid-age
CUST02402,Customer 02402,Female,43,Chattogram,2024-08-12,Mid-age
CUST02403,Customer 02403,Male,23,Sylhet,2023-03-08,Young
CUST02404,Customer 02404,Male,23,Sylhet,2024-11-14,Young
CUST02405,Customer 02405,Male,25,Barishal,2023-03-04,Adult
CUST02406,Customer 02406,Male,41,Chattogram,2025-03-24,Mid-age
CUST02407,Customer 02407,Female,39,Dhaka,2024-02-07,Mid-age
CUST02408,Customer 02408,Male,36,Dhaka,2023-07-11,Mid-age
CUST02409,Customer 02409,Male,54,Chattogram,2023-03-12,Senior
CUST02410,Customer 02410,Female,35,Chattogram,2025-05-27,Mid-age
CUST02411,Customer 02411,Male,48,Chattogram,2025-01-10,Senior
CUST02412,Customer 02412,Male,54,Dhaka,2025-08-03,Senior
CUST02413,Customer 02413,Female,47,Khulna,2025-12-22,Senior
CUST02414,Customer 02414,Male,59,Dhaka,2023-09-02,Senior
CUST02415,Customer 02415,Female,50,Dhaka,2024-06-02,Senior
CUST02416,Customer 02416,Female,27,Chattogram,2024-01-28,Adult
CUST02417,Customer 02417,Female,54,Dhaka,2025-02-10,Senior
CUST02418,Customer 02418,Female,29,Sylhet,2025-06-29,Adult
CUST02419,Customer 02419,Male,47,Dhaka,2023-07-03,Senior
CUST02420,Customer 02420,Female,44,Chattogram,2023-09-04,Mid-age
CUST02421,Customer 02421,Male,56,Chattogram,2023-11-20,Senior
CUST02422,Customer 02422,Male,26,Dhaka,2023-06-09,Adult
CUST02423,Customer 02423,Male,38,Dhaka,2024-12-06,Mid-age
CUST02424,Customer 02424,Male,29,Rangpur,2024-09-13,Adult
CUST02425,Customer 02425,Male,46,Chattogram,2025-07-13,Senior
CUST02426,Customer 02426,Male,50,Chattogram,2023-03-07,Senior
CUST02427,Customer 02427,Male,60,Dhaka,2025-07-18,Senior
CUST02428,Customer 02428,Male,32,Chattogram,2023-09-11,Adult
CUST02429,Customer 02429,Male,19,Chattogram,2023-10-10,Young
CUST02430,Customer 02430,Male,56,Chattogram,2025-12-19,Senior
CUST02431,Customer 02431,Female,35,Rajshahi,2023-04-28,Mid-age
CUST02432,Customer 02432,Female,20,Dhaka,2024-02-27,Young
CUST02433,Customer 02433,Female,24,Dhaka,2024-07-09,Young
CUST02434,Customer 02434,Male,60,Barishal,2023-02-05,Senior
CUST02435,Customer 02435,Female,35,Mymensingh,2024-06-14,Mid-age
CUST02436,Customer 02436,Female,55,Dhaka,2023-04-01,Senior
CUST02437,Customer 02437,Female,54,Chattogram,2023-04-08,Senior
CUST02438,Customer 02438,Male,50,Dhaka,2024-06-14,Senior
CUST02439,Customer 02439,Male,48,Dhaka,2024-06-21,Senior
CUST02440,Customer 02440,Male,28,Dhaka,2025-11-17,Adult
CUST02441,Customer 02441,Male,21,Dhaka,2023-03-21,Young
CUST02442,Customer 02442,Female,35,Rajshahi,2024-07-16,Mid-age
CUST02443,Customer 02443,Female,21,Chattogram,2024-09-05,Young
CUST02444,Customer 02444,Female,51,Dhaka,2023-06-25,Senior
CUST02445,Customer 02445,Female,46,Dhaka,2024-06-05,Senior
CUST02446,Customer 02446,Male,41,Barishal,2024-02-27,Mid-age
CUST02447,Customer 02447,Male,39,Dhaka,2024-07-29,Mid-age
CUST02448,Customer 02448,Male,19,Sylhet,2024-06-14,Young
CUST02449,Customer 02449,Female,23,Dhaka,2023-11-28,Young
CUST02450,Customer 02450,Male,59,Sylhet,2024-10-14,Senior
CUST02451,Customer 02451,Male,42,Dhaka,2025-01-09,Mid-age
CUST02452,Customer 02452,Female,38,Dhaka,2024-05-25,Mid-age
CUST02453,Customer 02453,Female,33,Dhaka,2023-02-11,Adult
CUST02454,Customer 02454,Male,48,Dhaka,2025-06-03,Senior
CUST02455,Customer 02455,Male,31,Chattogram,2023-03-22,Adult
CUST02456,Customer 02456,Male,56,Rajshahi,2024-02-06,Senior
CUST02457,Customer 02457,Male,45,Dhaka,2023-04-17,Senior
CUST02458,Customer 02458,Male,49,Dhaka,2024-05-20,Senior
CUST02459,Customer 02459,Male,45,Chattogram,2024-12-20,Senior
CUST02460,Customer 02460,Female,26,Sylhet,2023-09-14,Adult
CUST02461,Customer 02461,Female,39,Mymensingh,2025-08-11,Mid-age
CUST02462,Customer 02462,Female,49,Sylhet,2025-07-21,Senior
CUST02463,Customer 02463,Male,22,Chattogram,2025-12-07,Young
CUST02464,Customer 02464,Female,40,Sylhet,2025-06-15,Mid-age
CUST02465,Customer 02465,Male,22,Mymensingh,2023-01-19,Young
CUST02466,Customer 02466,Male,59,Barishal,2025-12-05,Senior
CUST02467,Customer 02467,Female,49,Dhaka,2024-03-26,Senior
CUST02468,Customer 02468,Male,27,Dhaka,2025-06-16,Adult
CUST02469,Customer 02469,Male,56,Dhaka,2025-12-15,Senior
CUST02470,Customer 02470,Female,32,Chattogram,2025-01-10,Adult
CUST02471,Customer 02471,Female,24,Khulna,2023-03-23,Young
CUST02472,Customer 02472,Female,46,Chattogram,2025-01-06,Senior
CUST02473,Customer 02473,Male,20,Dhaka,2023-03-20,Young
CUST02474,Customer 02474,Female,36,Khulna,2023-10-10,Mid-age
CUST02475,Customer 02475,Female,27,Barishal,2025-09-23,Adult
CUST02476,Customer 02476,Male,45,Dhaka,2023-06-09,Senior
CUST02477,Customer 02477,Female,46,Rajshahi,2025-06-06,Senior
CUST02478,Customer 02478,Female,32,Chattogram,2024-04-12,Adult
CUST02479,Customer 02479,Female,52,Rangpur,2025-05-02,Senior
CUST02480,Customer 02480,Male,23,Barishal,2024-04-06,Young
CUST02481,Customer 02481,Male,29,Chattogram,2025-05-03,Adult
CUST02482,Customer 02482,Male,55,Rajshahi,2023-04-27,Senior
CUST02483,Customer 02483,Male,30,Rangpur,2023-12-30,Adult
CUST02484,Customer 02484,Female,46,Chattogram,2024-04-10,Senior
CUST02485,Customer 02485,Male,36,Dhaka,2023-07-03,Mid-age
CUST02486,Customer 02486,Male,20,Khulna,2024-10-21,Young
CUST02487,Customer 02487,Female,25,Dhaka,2023-03-16,Adult
CUST02488,Customer 02488,Female,25,Chattogram,2025-04-05,Adult
CUST02489,Customer 02489,Female,37,Rangpur,2024-05-17,Mid-age
CUST02490,Customer 02490,Male,21,Khulna,2025-03-05,Young
CUST02491,Customer 02491,Male,38,Chattogram,2024-08-09,Mid-age
CUST02492,Customer 02492,Male,20,Dhaka,2024-10-17,Young
CUST02493,Customer 02493,Female,25,Dhaka,2024-11-30,Adult
CUST02494,Customer 02494,Female,40,Dhaka,2024-09-26,Mid-age
CUST02495,Customer 02495,Male,33,Dhaka,2025-04-23,Adult
CUST02496,Customer 02496,Female,30,Khulna,2025-04-14,Adult
CUST02497,Customer 02497,Female,20,Dhaka,2025-02-02,Young
CUST02498,Customer 02498,Female,26,Chattogram,2023-12-24,Adult
CUST02499,Customer 02499,Male,31,Chattogram,2024-11-22,Adult
CUST02500,Customer 02500,Female,30,Mymensingh,2024-09-13,Adult
CUST02501,Customer 02501,Female,24,Chattogram,2024-04-26,Young
CUST02502,Customer 02502,Male,32,Dhaka,2025-09-06,Adult
CUST02503,Customer 02503,Male,24,Dhaka,2025-09-04,Young
CUST02504,Customer 02504,Female,55,Sylhet,2023-10-17,Senior
CUST02505,Customer 02505,Female,51,Sylhet,2025-01-21,Senior
CUST02506,Customer 02506,Male,58,Chattogram,2023-01-23,Senior
CUST02507,Customer 02507,Male,39,Chattogram,2025-03-16,Mid-age
CUST02508,Customer 02508,Female,41,Dhaka,2023-06-21,Mid-age
CUST02509,Customer 02509,Female,54,Chattogram,2025-04-14,Senior
CUST02510,Customer 02510,Female,18,Chattogram,2023-11-14,Young
CUST02511,Customer 02511,Female,27,Dhaka,2025-06-26,Adult
CUST02512,Customer 02512,Male,60,Dhaka,2025-03-08,Senior
CUST02513,Customer 02513,Female,33,Dhaka,2025-09-17,Adult
CUST02514,Customer 02514,Female,25,Dhaka,2025-05-04,Adult
CUST02515,Customer 02515,Male,42,Sylhet,2024-11-11,Mid-age
CUST02516,Customer 02516,Female,29,Dhaka,2025-07-04,Adult
CUST02517,Customer 02517,Male,42,Dhaka,2025-10-26,Mid-age
CUST02518,Customer 02518,Female,34,Dhaka,2025-04-22,Adult
CUST02519,Customer 02519,Female,43,Mymensingh,2024-04-27,Mid-age
CUST02520,Customer 02520,Male,31,Rangpur,2023-05-12,Adult
CUST02521,Customer 02521,Male,58,Dhaka,2025-05-10,Senior
CUST02522,Customer 02522,Female,53,Dhaka,2023-10-21,Senior
CUST02523,Customer 02523,Female,40,Dhaka,2024-10-02,Mid-age
CUST02524,Customer 02524,Female,60,Chattogram,2025-09-26,Senior
CUST02525,Customer 02525,Male,23,Dhaka,2024-01-27,Young
CUST02526,Customer 02526,Female,22,Rajshahi,2023-09-06,Young
CUST02527,Customer 02527,Male,60,Chattogram,2024-12-03,Senior
CUST02528,Customer 02528,Male,42,Rangpur,2023-10-14,Mid-age
CUST02529,Customer 02529,Female,35,Dhaka,2023-10-04,Mid-age
CUST02530,Customer 02530,Male,30,Barishal,2024-01-22,Adult
CUST02531,Customer 02531,Female,60,Barishal,2024-03-25,Senior
CUST02532,Customer 02532,Female,31,Dhaka,2023-10-18,Adult
CUST02533,Customer 02533,Female,45,Chattogram,2024-03-18,Senior
CUST02534,Customer 02534,Female,35,Dhaka,2024-10-17,Mid-age
CUST02535,Customer 02535,Female,45,Dhaka,2025-12-04,Senior
CUST02536,Customer 02536,Male,44,Dhaka,2025-04-06,Mid-age
CUST02537,Customer 02537,Male,49,Chattogram,2024-04-20,Senior
CUST02538,Customer 02538,Female,26,Chattogram,2023-09-10,Adult
CUST02539,Customer 02539,Female,57,Mymensingh,2023-10-16,Senior
CUST02540,Customer 02540,Male,49,Dhaka,2025-09-26,Senior
CUST02541,Customer 02541,Male,37,Mymensingh,2023-01-21,Mid-age
CUST02542,Customer 02542,Male,45,Dhaka,2023-11-12,Senior
CUST02543,Customer 02543,Male,50,Khulna,2024-07-17,Senior
CUST02544,Customer 02544,Female,21,Dhaka,2023-05-03,Young
CUST02545,Customer 02545,Female,51,Dhaka,2025-05-23,Senior
CUST02546,Customer 02546,Male,20,Rangpur,2025-08-17,Young
CUST02547,Customer 02547,Female,43,Dhaka,2023-08-02,Mid-age
CUST02548,Customer 02548,Male,25,Rajshahi,2025-04-18,Adult
CUST02549,Customer 02549,Female,23,Sylhet,2024-10-08,Young
CUST02550,Customer 02550,Male,33,Chattogram,2025-08-25,Adult
CUST02551,Customer 02551,Female,41,Chattogram,2024-12-30,Mid-age
CUST02552,Customer 02552,Male,56,Khulna,2024-08-22,Senior
CUST02553,Customer 02553,Male,47,Dhaka,2025-03-02,Senior
CUST02554,Customer 02554,Female,30,Rajshahi,2023-02-09,Adult
CUST02555,Customer 02555,Male,22,Rangpur,2025-01-21,Young
CUST02556,Customer 02556,Female,42,Dhaka,2025-07-31,Mid-age
CUST02557,Customer 02557,Female,37,Dhaka,2024-10-09,Mid-age
CUST02558,Customer 02558,Male,35,Khulna,2023-07-01,Mid-age
CUST02559,Customer 02559,Female,35,Chattogram,2023-09-22,Mid-age
CUST02560,Customer 02560,Female,19,Chattogram,2025-02-09,Young
CUST02561,Customer 02561,Female,27,Dhaka,2025-05-12,Adult
CUST02562,Customer 02562,Female,29,Chattogram,2024-03-07,Adult
CUST02563,Customer 02563,Female,30,Dhaka,2024-05-23,Adult
CUST02564,Customer 02564,Male,28,Chattogram,2024-03-22,Adult
CUST02565,Customer 02565,Female,36,Khulna,2024-06-11,Mid-age
CUST02566,Customer 02566,Female,52,Dhaka,2025-05-24,Senior
CUST02567,Customer 02567,Female,56,Chattogram,2024-10-30,Senior
CUST02568,Customer 02568,Female,43,Mymensingh,2025-04-26,Mid-age
CUST02569,Customer 02569,Female,31,Rajshahi,2023-03-11,Adult
CUST02570,Customer 02570,Male,41,Barishal,2025-03-26,Mid-age
CUST02571,Customer 02571,Female,58,Chattogram,2025-11-04,Senior
CUST02572,Customer 02572,Male,18,Khulna,2025-12-19,Young
CUST02573,Customer 02573,Male,60,Dhaka,2024-03-21,Senior
CUST02574,Customer 02574,Male,39,Dhaka,2025-10-22,Mid-age
CUST02575,Customer 02575,Male,40,Dhaka,2023-01-19,Mid-age
CUST02576,Customer 02576,Female,36,Chattogram,2024-07-14,Mid-age
CUST02577,Customer 02577,Male,35,Barishal,2024-04-16,Mid-age
CUST02578,Customer 02578,Male,29,Dhaka,2023-01-28,Adult
CUST02579,Customer 02579,Female,45,Rajshahi,2024-07-13,Senior
CUST02580,Customer 02580,Female,45,Rajshahi,2024-08-30,Senior
CUST02581,Customer 02581,Female,50,Sylhet,2024-04-02,Senior
CUST02582,Customer 02582,Male,36,Dhaka,2025-08-02,Mid-age
CUST02583,Customer 02583,Female,45,Sylhet,2025-09-10,Senior
CUST02584,Customer 02584,Female,54,Dhaka,2025-05-17,Senior
CUST02585,Customer 02585,Male,43,Dhaka,2025-10-12,Mid-age
CUST02586,Customer 02586,Female,52,Mymensingh,2023-01-29,Senior
CUST02587,Customer 02587,Female,51,Dhaka,2024-10-30,Senior
CUST02588,Customer 02588,Female,52,Dhaka,2025-04-05,Senior
CUST02589,Customer 02589,Female,57,Rangpur,2025-03-26,Senior
CUST02590,Customer 02590,Male,33,Dhaka,2023-10-06,Adult
CUST02591,Customer 02591,Female,55,Rajshahi,2023-10-10,Senior
CUST02592,Customer 02592,Female,30,Dhaka,2025-09-29,Adult
CUST02593,Customer 02593,Male,40,Chattogram,2023-11-01,Mid-age
CUST02594,Customer 02594,Female,39,Dhaka,2024-11-24,Mid-age
CUST02595,Customer 02595,Male,33,Dhaka,2023-04-19,Adult
CUST02596,Customer 02596,Female,45,Chattogram,2023-11-20,Senior
CUST02597,Customer 02597,Male,52,Khulna,2024-04-02,Senior
CUST02598,Customer 02598,Male,25,Chattogram,2024-04-26,Adult
CUST02599,Customer 02599,Male,39,Mymensingh,2025-07-10,Mid-age
CUST02600,Customer 02600,Male,38,Dhaka,2024-06-03,Mid-age
CUST02601,Customer 02601,Female,43,Chattogram,2025-12-12,Mid-age
CUST02602,Customer 02602,Male,57,Sylhet,2024-01-26,Senior
CUST02603,Customer 02603,Female,38,Mymensingh,2025-02-09,Mid-age
CUST02604,Customer 02604,Male,42,Dhaka,2025-07-01,Mid-age
CUST02605,Customer 02605,Male,58,Sylhet,2023-03-27,Senior
CUST02606,Customer 02606,Male,18,Rangpur,2024-07-11,Young
CUST02607,Customer 02607,Female,23,Dhaka,2025-05-07,Young
CUST02608,Customer 02608,Male,40,Rangpur,2024-10-27,Mid-age
CUST02609,Customer 02609,Female,40,Dhaka,2025-04-22,Mid-age
CUST02610,Customer 02610,Female,60,Khulna,2023-10-22,Senior
CUST02611,Customer 02611,Female,60,Mymensingh,2023-09-26,Senior
CUST02612,Customer 02612,Female,40,Rajshahi,2024-10-06,Mid-age
CUST02613,Customer 02613,Female,49,Chattogram,2024-06-18,Senior
CUST02614,Customer 02614,Female,47,Dhaka,2023-03-29,Senior
CUST02615,Customer 02615,Female,30,Mymensingh,2025-07-13,Adult
CUST02616,Customer 02616,Female,60,Chattogram,2023-04-21,Senior
CUST02617,Customer 02617,Female,35,Dhaka,2024-08-06,Mid-age
CUST02618,Customer 02618,Male,40,Rajshahi,2025-02-07,Mid-age
CUST02619,Customer 02619,Male,32,Chattogram,2023-08-26,Adult
CUST02620,Customer 02620,Male,50,Dhaka,2023-11-30,Senior
CUST02621,Customer 02621,Male,38,Dhaka,2023-04-16,Mid-age
CUST02622,Customer 02622,Male,56,Dhaka,2024-01-17,Senior
CUST02623,Customer 02623,Female,40,Sylhet,2024-11-19,Mid-age
CUST02624,Customer 02624,Female,44,Sylhet,2023-09-18,Mid-age
CUST02625,Customer 02625,Female,35,Chattogram,2024-10-16,Mid-age
CUST02626,Customer 02626,Female,41,Barishal,2025-03-30,Mid-age
CUST02627,Customer 02627,Female,57,Rangpur,2024-12-09,Senior
CUST02628,Customer 02628,Female,59,Sylhet,2024-04-20,Senior
CUST02629,Customer 02629,Female,24,Dhaka,2025-06-25,Young
CUST02630,Customer 02630,Male,37,Rajshahi,2024-07-08,Mid-age
CUST02631,Customer 02631,Male,44,Chattogram,2024-10-24,Mid-age
CUST02632,Customer 02632,Male,23,Sylhet,2024-07-28,Young
CUST02633,Customer 02633,Male,44,Rajshahi,2024-10-03,Mid-age
CUST02634,Customer 02634,Female,26,Dhaka,2024-04-07,Adult
CUST02635,Customer 02635,Female,48,Rangpur,2025-05-04,Senior
CUST02636,Customer 02636,Female,38,Dhaka,2024-08-07,Mid-age
CUST02637,Customer 02637,Male,43,Rajshahi,2025-07-31,Mid-age
CUST02638,Customer 02638,Female,57,Dhaka,2024-09-07,Senior
CUST02639,Customer 02639,Female,30,Mymensingh,2023-06-07,Adult
CUST02640,Customer 02640,Female,40,Dhaka,2023-09-29,Mid-age
CUST02641,Customer 02641,Male,37,Dhaka,2024-10-31,Mid-age
CUST02642,Customer 02642,Female,54,Dhaka,2024-09-12,Senior
CUST02643,Customer 02643,Male,45,Dhaka,2024-06-04,Senior
CUST02644,Customer 02644,Male,34,Dhaka,2023-02-28,Adult
CUST02645,Customer 02645,Male,45,Sylhet,2024-12-04,Senior
CUST02646,Customer 02646,Male,58,Chattogram,2024-10-09,Senior
CUST02647,Customer 02647,Female,19,Dhaka,2025-06-09,Young
CUST02648,Customer 02648,Male,42,Dhaka,2024-03-11,Mid-age
CUST02649,Customer 02649,Male,58,Barishal,2023-05-26,Senior
CUST02650,Customer 02650,Female,23,Rajshahi,2025-05-08,Young
CUST02651,Customer 02651,Female,28,Khulna,2025-09-04,Adult
CUST02652,Customer 02652,Male,55,Rajshahi,2023-09-02,Senior
CUST02653,Customer 02653,Female,23,Dhaka,2023-10-28,Young
CUST02654,Customer 02654,Male,28,Dhaka,2024-03-13,Adult
CUST02655,Customer 02655,Male,31,Dhaka,2025-05-17,Adult
CUST02656,Customer 02656,Male,19,Barishal,2023-04-10,Young
CUST02657,Customer 02657,Male,57,Mymensingh,2024-12-25,Senior
CUST02658,Customer 02658,Female,20,Chattogram,2025-03-24,Young
CUST02659,Customer 02659,Male,52,Dhaka,2024-04-24,Senior
CUST02660,Customer 02660,Female,50,Dhaka,2024-02-19,Senior
CUST02661,Customer 02661,Female,41,Dhaka,2023-06-14,Mid-age
CUST02662,Customer 02662,Female,36,Sylhet,2025-08-31,Mid-age
CUST02663,Customer 02663,Female,35,Dhaka,2023-03-29,Mid-age
CUST02664,Customer 02664,Male,41,Mymensingh,2024-07-26,Mid-age
CUST02665,Customer 02665,Female,52,Dhaka,2025-03-24,Senior
CUST02666,Customer 02666,Male,18,Rangpur,2023-06-28,Young
CUST02667,Customer 02667,Female,53,Khulna,2023-06-12,Senior
CUST02668,Customer 02668,Female,42,Khulna,2024-08-15,Mid-age
CUST02669,Customer 02669,Male,60,Sylhet,2025-10-02,Senior
CUST02670,Customer 02670,Male,51,Sylhet,2023-10-28,Senior
CUST02671,Customer 02671,Male,42,Sylhet,2024-01-09,Mid-age
CUST02672,Customer 02672,Female,33,Sylhet,2024-12-08,Adult
CUST02673,Customer 02673,Female,51,Chattogram,2023-07-22,Senior
CUST02674,Customer 02674,Male,46,Mymensingh,2023-02-16,Senior
CUST02675,Customer 02675,Male,36,Khulna,2024-04-07,Mid-age
CUST02676,Customer 02676,Male,40,Khulna,2024-02-12,Mid-age
CUST02677,Customer 02677,Male,36,Rangpur,2024-03-02,Mid-age
CUST02678,Customer 02678,Female,42,Dhaka,2025-07-18,Mid-age
CUST02679,Customer 02679,Male,33,Dhaka,2023-11-13,Adult
CUST02680,Customer 02680,Male,26,Chattogram,2024-02-25,Adult
CUST02681,Customer 02681,Male,18,Chattogram,2023-09-20,Young
CUST02682,Customer 02682,Male,59,Barishal,2023-06-15,Senior
CUST02683,Customer 02683,Female,36,Chattogram,2024-03-03,Mid-age
CUST02684,Customer 02684,Male,50,Sylhet,2024-02-01,Senior
CUST02685,Customer 02685,Female,51,Chattogram,2025-03-06,Senior
CUST02686,Customer 02686,Male,33,Dhaka,2023-04-17,Adult
CUST02687,Customer 02687,Male,57,Sylhet,2023-04-08,Senior
CUST02688,Customer 02688,Female,35,Barishal,2023-02-12,Mid-age
CUST02689,Customer 02689,Male,51,Dhaka,2023-08-30,Senior
CUST02690,Customer 02690,Female,42,Sylhet,2023-04-05,Mid-age
CUST02691,Customer 02691,Female,23,Sylhet,2023-07-07,Young
CUST02692,Customer 02692,Male,38,Dhaka,2024-01-20,Mid-age
CUST02693,Customer 02693,Female,23,Dhaka,2025-03-29,Young
CUST02694,Customer 02694,Female,49,Mymensingh,2023-03-28,Senior
CUST02695,Customer 02695,Female,58,Chattogram,2024-05-03,Senior
CUST02696,Customer 02696,Female,60,Dhaka,2023-08-14,Senior
CUST02697,Customer 02697,Female,56,Dhaka,2023-12-11,Senior
CUST02698,Customer 02698,Female,48,Rajshahi,2024-06-01,Senior
CUST02699,Customer 02699,Female,59,Sylhet,2025-11-20,Senior
CUST02700,Customer 02700,Female,27,Rajshahi,2023-10-23,Adult
CUST02701,Customer 02701,Male,47,Dhaka,2024-02-18,Senior
CUST02702,Customer 02702,Male,35,Rangpur,2023-05-15,Mid-age
CUST02703,Customer 02703,Female,41,Chattogram,2024-06-08,Mid-age
CUST02704,Customer 02704,Male,26,Dhaka,2025-10-05,Adult
CUST02705,Customer 02705,Female,48,Chattogram,2023-01-04,Senior
CUST02706,Customer 02706,Female,32,Chattogram,2023-06-27,Adult
CUST02707,Customer 02707,Male,21,Rangpur,2025-01-15,Young
CUST02708,Customer 02708,Female,57,Mymensingh,2023-09-16,Senior
CUST02709,Customer 02709,Female,26,Dhaka,2024-10-13,Adult
CUST02710,Customer 02710,Female,26,Rangpur,2025-12-24,Adult
CUST02711,Customer 02711,Female,43,Khulna,2025-11-06,Mid-age
CUST02712,Customer 02712,Male,21,Mymensingh,2024-06-27,Young
CUST02713,Customer 02713,Female,34,Dhaka,2024-03-10,Adult
CUST02714,Customer 02714,Female,33,Sylhet,2023-10-17,Adult
CUST02715,Customer 02715,Female,32,Dhaka,2025-03-13,Adult
CUST02716,Customer 02716,Male,52,Barishal,2024-04-27,Senior
CUST02717,Customer 02717,Female,22,Dhaka,2023-08-22,Young
CUST02718,Customer 02718,Male,22,Sylhet,2024-02-12,Young
CUST02719,Customer 02719,Male,37,Dhaka,2024-11-24,Mid-age
CUST02720,Customer 02720,Female,32,Dhaka,2024-07-15,Adult
CUST02721,Customer 02721,Female,35,Rajshahi,2024-03-05,Mid-age
CUST02722,Customer 02722,Male,19,Rangpur,2024-03-07,Young
CUST02723,Customer 02723,Female,46,Sylhet,2024-05-11,Senior
CUST02724,Customer 02724,Male,30,Rangpur,2025-09-09,Adult
CUST02725,Customer 02725,Male,21,Dhaka,2025-09-23,Young
CUST02726,Customer 02726,Female,59,Chattogram,2025-06-15,Senior
CUST02727,Customer 02727,Female,27,Chattogram,2025-04-06,Adult
CUST02728,Customer 02728,Male,48,Dhaka,2025-02-16,Senior
CUST02729,Customer 02729,Male,58,Chattogram,2023-08-11,Senior
CUST02730,Customer 02730,Male,25,Rajshahi,2024-04-12,Adult
CUST02731,Customer 02731,Male,20,Sylhet,2024-07-22,Young
CUST02732,Customer 02732,Female,26,Khulna,2024-01-10,Adult
CUST02733,Customer 02733,Female,47,Sylhet,2024-06-10,Senior
CUST02734,Customer 02734,Female,28,Dhaka,2024-02-16,Adult
CUST02735,Customer 02735,Female,52,Dhaka,2023-09-26,Senior
CUST02736,Customer 02736,Female,54,Sylhet,2024-09-17,Senior
CUST02737,Customer 02737,Male,59,Dhaka,2025-10-08,Senior
CUST02738,Customer 02738,Female,30,Dhaka,2024-03-25,Adult
CUST02739,Customer 02739,Female,53,Chattogram,2025-03-12,Senior
CUST02740,Customer 02740,Female,30,Chattogram,2025-04-01,Adult
CUST02741,Customer 02741,Female,29,Dhaka,2023-09-12,Adult
CUST02742,Customer 02742,Female,54,Khulna,2023-05-06,Senior
CUST02743,Customer 02743,Male,27,Rajshahi,2025-01-31,Adult
CUST02744,Customer 02744,Male,26,Dhaka,2025-03-09,Adult
CUST02745,Customer 02745,Male,24,Khulna,2024-07-18,Young
CUST02746,Customer 02746,Female,19,Rajshahi,2024-03-31,Young
CUST02747,Customer 02747,Male,40,Sylhet,2025-12-26,Mid-age
CUST02748,Customer 02748,Male,56,Chattogram,2025-12-25,Senior
CUST02749,Customer 02749,Female,57,Dhaka,2025-06-30,Senior
CUST02750,Customer 02750,Female,56,Rajshahi,2025-05-11,Senior
CUST02751,Customer 02751,Female,38,Dhaka,2024-09-08,Mid-age
CUST02752,Customer 02752,Male,40,Mymensingh,2024-02-04,Mid-age
CUST02753,Customer 02753,Male,46,Barishal,2023-10-14,Senior
CUST02754,Customer 02754,Female,31,Sylhet,2023-07-05,Adult
CUST02755,Customer 02755,Female,43,Dhaka,2023-10-11,Mid-age
CUST02756,Customer 02756,Male,22,Dhaka,2024-10-11,Young
CUST02757,Customer 02757,Male,48,Dhaka,2024-11-21,Senior
CUST02758,Customer 02758,Female,42,Chattogram,2023-08-25,Mid-age
CUST02759,Customer 02759,Female,48,Dhaka,2025-11-07,Senior
CUST02760,Customer 02760,Male,37,Chattogram,2025-03-25,Mid-age
CUST02761,Customer 02761,Female,34,Dhaka,2025-07-16,Adult
CUST02762,Customer 02762,Male,19,Mymensingh,2024-02-18,Young
CUST02763,Customer 02763,Male,42,Dhaka,2023-01-09,Mid-age
CUST02764,Customer 02764,Male,30,Mymensingh,2024-02-24,Adult
CUST02765,Customer 02765,Male,56,Rangpur,2023-01-29,Senior
CUST02766,Customer 02766,Female,45,Chattogram,2023-12-14,Senior
CUST02767,Customer 02767,Female,59,Khulna,2024-10-22,Senior
CUST02768,Customer 02768,Male,23,Chattogram,2024-07-29,Young
CUST02769,Customer 02769,Male,20,Sylhet,2024-03-25,Young
CUST02770,Customer 02770,Male,52,Dhaka,2024-01-15,Senior
CUST02771,Customer 02771,Male,35,Dhaka,2024-11-29,Mid-age
CUST02772,Customer 02772,Male,28,Sylhet,2024-01-01,Adult
CUST02773,Customer 02773,Female,37,Chattogram,2024-02-16,Mid-age
CUST02774,Customer 02774,Female,22,Sylhet,2025-08-08,Young
CUST02775,Customer 02775,Female,36,Dhaka,2023-12-22,Mid-age
CUST02776,Customer 02776,Female,39,Dhaka,2023-09-11,Mid-age
CUST02777,Customer 02777,Male,36,Dhaka,2024-12-27,Mid-age
CUST02778,Customer 02778,Male,33,Dhaka,2024-11-11,Adult
CUST02779,Customer 02779,Male,41,Dhaka,2025-12-05,Mid-age
CUST02780,Customer 02780,Male,58,Dhaka,2025-12-08,Senior
CUST02781,Customer 02781,Male,21,Dhaka,2025-03-20,Young
CUST02782,Customer 02782,Female,32,Barishal,2024-04-17,Adult
CUST02783,Customer 02783,Male,42,Dhaka,2024-02-20,Mid-age
CUST02784,Customer 02784,Female,52,Rajshahi,2025-09-05,Senior
CUST02785,Customer 02785,Female,31,Dhaka,2024-08-22,Adult
CUST02786,Customer 02786,Female,36,Rangpur,2025-10-23,Mid-age
CUST02787,Customer 02787,Female,55,Chattogram,2024-04-04,Senior
CUST02788,Customer 02788,Male,53,Dhaka,2023-03-20,Senior
CUST02789,Customer 02789,Female,24,Chattogram,2025-02-13,Young
CUST02790,Customer 02790,Female,47,Chattogram,2025-12-30,Senior
CUST02791,Customer 02791,Female,36,Sylhet,2025-06-14,Mid-age
CUST02792,Customer 02792,Male,42,Dhaka,2023-02-27,Mid-age
CUST02793,Customer 02793,Male,33,Mymensingh,2024-09-15,Adult
CUST02794,Customer 02794,Male,57,Chattogram,2023-02-17,Senior
CUST02795,Customer 02795,Female,25,Dhaka,2025-04-18,Adult
CUST02796,Customer 02796,Female,35,Khulna,2023-06-14,Mid-age
CUST02797,Customer 02797,Male,45,Dhaka,2023-11-26,Senior
CUST02798,Customer 02798,Female,33,Barishal,2023-08-01,Adult
CUST02799,Customer 02799,Male,36,Chattogram,2024-05-21,Mid-age
CUST02800,Customer 02800,Male,59,Khulna,2025-07-04,Senior
CUST02801,Customer 02801,Female,34,Dhaka,2025-03-11,Adult
CUST02802,Customer 02802,Female,30,Barishal,2023-06-17,Adult
CUST02803,Customer 02803,Female,24,Khulna,2025-09-21,Young
CUST02804,Customer 02804,Female,44,Dhaka,2025-04-09,Mid-age
CUST02805,Customer 02805,Male,27,Dhaka,2025-09-22,Adult
CUST02806,Customer 02806,Male,51,Dhaka,2025-09-13,Senior
CUST02807,Customer 02807,Male,53,Mymensingh,2025-02-25,Senior
CUST02808,Customer 02808,Male,42,Dhaka,2024-03-02,Mid-age
CUST02809,Customer 02809,Male,23,Chattogram,2025-10-12,Young
CUST02810,Customer 02810,Female,41,Dhaka,2025-10-30,Mid-age
CUST02811,Customer 02811,Male,35,Chattogram,2025-02-11,Mid-age
CUST02812,Customer 02812,Male,40,Sylhet,2025-12-17,Mid-age
CUST02813,Customer 02813,Male,23,Mymensingh,2024-12-17,Young
CUST02814,Customer 02814,Female,46,Chattogram,2023-03-27,Senior
CUST02815,Customer 02815,Female,42,Barishal,2023-04-14,Mid-age
CUST02816,Customer 02816,Female,34,Chattogram,2023-05-23,Adult
CUST02817,Customer 02817,Female,41,Dhaka,2023-07-24,Mid-age
CUST02818,Customer 02818,Male,28,Dhaka,2024-10-02,Adult
CUST02819,Customer 02819,Male,43,Sylhet,2025-11-27,Mid-age
CUST02820,Customer 02820,Female,51,Mymensingh,2025-12-11,Senior
CUST02821,Customer 02821,Female,45,Rangpur,2023-01-01,Senior
CUST02822,Customer 02822,Male,20,Dhaka,2023-01-11,Young
CUST02823,Customer 02823,Male,28,Dhaka,2025-01-16,Adult
CUST02824,Customer 02824,Female,55,Dhaka,2025-08-13,Senior
CUST02825,Customer 02825,Female,31,Mymensingh,2025-01-24,Adult
CUST02826,Customer 02826,Female,43,Rangpur,2024-06-01,Mid-age
CUST02827,Customer 02827,Female,38,Khulna,2025-10-28,Mid-age
CUST02828,Customer 02828,Male,56,Chattogram,2023-01-05,Senior
CUST02829,Customer 02829,Male,47,Chattogram,2024-11-24,Senior
CUST02830,Customer 02830,Male,25,Chattogram,2023-04-22,Adult
CUST02831,Customer 02831,Female,37,Dhaka,2025-09-30,Mid-age
CUST02832,Customer 02832,Female,49,Chattogram,2023-09-30,Senior
CUST02833,Customer 02833,Male,39,Dhaka,2024-02-26,Mid-age
CUST02834,Customer 02834,Male,24,Dhaka,2023-09-22,Young
CUST02835,Customer 02835,Male,26,Rangpur,2023-07-31,Adult
CUST02836,Customer 02836,Male,18,Khulna,2025-02-20,Young
CUST02837,Customer 02837,Female,46,Chattogram,2024-10-27,Senior
CUST02838,Customer 02838,Male,25,Chattogram,2024-01-04,Adult
CUST02839,Customer 02839,Male,21,Dhaka,2025-08-15,Young
CUST02840,Customer 02840,Male,52,Khulna,2023-12-13,Senior
CUST02841,Customer 02841,Male,20,Khulna,2023-01-25,Young
CUST02842,Customer 02842,Male,57,Khulna,2025-09-02,Senior
CUST02843,Customer 02843,Male,24,Khulna,2024-02-21,Young
CUST02844,Customer 02844,Male,44,Dhaka,2024-05-29,Mid-age
CUST02845,Customer 02845,Female,18,Dhaka,2023-08-03,Young
CUST02846,Customer 02846,Female,44,Chattogram,2025-08-11,Mid-age
CUST02847,Customer 02847,Female,33,Dhaka,2025-07-02,Adult
CUST02848,Customer 02848,Female,55,Khulna,2024-03-03,Senior
CUST02849,Customer 02849,Male,24,Dhaka,2025-01-02,Young
CUST02850,Customer 02850,Female,40,Dhaka,2024-11-29,Mid-age
CUST02851,Customer 02851,Female,58,Chattogram,2023-08-04,Senior
CUST02852,Customer 02852,Male,28,Mymensingh,2024-02-17,Adult
CUST02853,Customer 02853,Male,59,Dhaka,2024-01-15,Senior
CUST02854,Customer 02854,Female,50,Sylhet,2023-08-20,Senior
CUST02855,Customer 02855,Female,53,Chattogram,2025-04-14,Senior
CUST02856,Customer 02856,Male,54,Dhaka,2023-09-15,Senior
CUST02857,Customer 02857,Female,58,Chattogram,2024-02-07,Senior
CUST02858,Customer 02858,Male,34,Rajshahi,2024-02-28,Adult
CUST02859,Customer 02859,Male,52,Chattogram,2025-02-08,Senior
CUST02860,Customer 02860,Male,22,Rangpur,2023-03-06,Young
CUST02861,Customer 02861,Male,49,Dhaka,2023-07-09,Senior
CUST02862,Customer 02862,Female,20,Dhaka,2025-08-07,Young
CUST02863,Customer 02863,Male,52,Mymensingh,2023-06-22,Senior
CUST02864,Customer 02864,Male,31,Dhaka,2025-01-28,Adult
CUST02865,Customer 02865,Female,48,Sylhet,2024-09-19,Senior
CUST02866,Customer 02866,Male,48,Barishal,2024-07-14,Senior
CUST02867,Customer 02867,Female,34,Dhaka,2025-09-27,Adult
CUST02868,Customer 02868,Female,41,Khulna,2024-02-05,Mid-age
CUST02869,Customer 02869,Female,40,Dhaka,2024-09-29,Mid-age
CUST02870,Customer 02870,Male,35,Dhaka,2025-08-06,Mid-age
CUST02871,Customer 02871,Female,31,Dhaka,2023-08-01,Adult
CUST02872,Customer 02872,Female,32,Barishal,2023-02-22,Adult
CUST02873,Customer 02873,Male,32,Dhaka,2024-09-15,Adult
CUST02874,Customer 02874,Female,23,Khulna,2025-01-21,Young
CUST02875,Customer 02875,Female,44,Mymensingh,2024-10-23,Mid-age
CUST02876,Customer 02876,Female,32,Chattogram,2023-05-19,Adult
CUST02877,Customer 02877,Female,53,Chattogram,2024-02-22,Senior
CUST02878,Customer 02878,Female,25,Chattogram,2023-05-23,Adult
CUST02879,Customer 02879,Male,32,Dhaka,2024-05-23,Adult
CUST02880,Customer 02880,Female,20,Chattogram,2024-10-11,Young
CUST02881,Customer 02881,Female,30,Sylhet,2024-04-30,Adult
CUST02882,Customer 02882,Male,58,Mymensingh,2025-09-18,Senior
CUST02883,Customer 02883,Male,51,Mymensingh,2024-06-26,Senior
CUST02884,Customer 02884,Male,41,Rangpur,2023-10-20,Mid-age
CUST02885,Customer 02885,Female,57,Rangpur,2024-11-01,Senior
CUST02886,Customer 02886,Male,49,Chattogram,2025-04-17,Senior
CUST02887,Customer 02887,Female,49,Rajshahi,2025-11-03,Senior
CUST02888,Customer 02888,Female,47,Rangpur,2024-09-25,Senior
CUST02889,Customer 02889,Male,30,Chattogram,2023-09-29,Adult
CUST02890,Customer 02890,Male,18,Mymensingh,2025-11-14,Young
CUST02891,Customer 02891,Female,51,Chattogram,2023-11-18,Senior
CUST02892,Customer 02892,Male,32,Sylhet,2025-03-16,Adult
CUST02893,Customer 02893,Female,31,Rajshahi,2025-06-01,Adult
CUST02894,Customer 02894,Male,46,Mymensingh,2025-11-29,Senior
CUST02895,Customer 02895,Male,51,Dhaka,2023-08-23,Senior
CUST02896,Customer 02896,Male,35,Khulna,2025-04-11,Mid-age
CUST02897,Customer 02897,Female,24,Chattogram,2023-05-24,Young
CUST02898,Customer 02898,Male,46,Dhaka,2024-08-11,Senior
CUST02899,Customer 02899,Female,48,Khulna,2023-08-17,Senior
CUST02900,Customer 02900,Female,42,Chattogram,2023-10-01,Mid-age
CUST02901,Customer 02901,Female,55,Rajshahi,2024-08-12,Senior
CUST02902,Customer 02902,Female,31,Dhaka,2024-10-14,Adult
CUST02903,Customer 02903,Male,25,Chattogram,2024-08-05,Adult
CUST02904,Customer 02904,Female,44,Sylhet,2025-08-25,Mid-age
CUST02905,Customer 02905,Female,19,Chattogram,2024-01-07,Young
CUST02906,Customer 02906,Male,34,Dhaka,2025-03-29,Adult
CUST02907,Customer 02907,Female,54,Mymensingh,2024-07-25,Senior
CUST02908,Customer 02908,Male,31,Chattogram,2024-06-28,Adult
CUST02909,Customer 02909,Female,42,Khulna,2023-05-07,Mid-age
CUST02910,Customer 02910,Male,47,Chattogram,2025-01-02,Senior
CUST02911,Customer 02911,Female,46,Dhaka,2024-02-21,Senior
CUST02912,Customer 02912,Male,37,Chattogram,2024-09-29,Mid-age
CUST02913,Customer 02913,Female,38,Chattogram,2023-02-10,Mid-age
CUST02914,Customer 02914,Female,39,Chattogram,2025-02-25,Mid-age
CUST02915,Customer 02915,Male,52,Chattogram,2023-10-24,Senior
CUST02916,Customer 02916,Male,54,Chattogram,2023-02-11,Senior
CUST02917,Customer 02917,Male,33,Dhaka,2024-09-23,Adult
CUST02918,Customer 02918,Male,60,Chattogram,2023-02-02,Senior
CUST02919,Customer 02919,Female,34,Dhaka,2024-10-26,Adult
CUST02920,Customer 02920,Female,33,Dhaka,2024-09-07,Adult
CUST02921,Customer 02921,Male,19,Mymensingh,2025-08-05,Young
CUST02922,Customer 02922,Female,21,Sylhet,2023-06-09,Young
CUST02923,Customer 02923,Male,38,Rajshahi,2024-04-02,Mid-age
CUST02924,Customer 02924,Male,56,Chattogram,2024-02-03,Senior
CUST02925,Customer 02925,Female,51,Rangpur,2024-08-03,Senior
CUST02926,Customer 02926,Female,47,Sylhet,2023-08-08,Senior
CUST02927,Customer 02927,Female,23,Khulna,2024-01-14,Young
CUST02928,Customer 02928,Female,34,Dhaka,2025-07-18,Adult
CUST02929,Customer 02929,Female,56,Mymensingh,2025-08-21,Senior
CUST02930,Customer 02930,Female,42,Barishal,2023-08-21,Mid-age
CUST02931,Customer 02931,Female,22,Rangpur,2025-07-10,Young
CUST02932,Customer 02932,Male,22,Dhaka,2023-08-22,Young
CUST02933,Customer 02933,Male,37,Dhaka,2024-12-26,Mid-age
CUST02934,Customer 02934,Male,33,Dhaka,2024-01-02,Adult
CUST02935,Customer 02935,Male,58,Dhaka,2024-04-25,Senior
CUST02936,Customer 02936,Male,54,Rangpur,2024-08-12,Senior
CUST02937,Customer 02937,Female,57,Dhaka,2023-08-04,Senior
CUST02938,Customer 02938,Male,26,Dhaka,2024-12-25,Adult
CUST02939,Customer 02939,Male,22,Dhaka,2024-12-12,Young
CUST02940,Customer 02940,Male,59,Dhaka,2025-09-11,Senior
CUST02941,Customer 02941,Male,19,Dhaka,2024-01-26,Young
CUST02942,Customer 02942,Male,26,Barishal,2025-12-06,Adult
CUST02943,Customer 02943,Male,60,Sylhet,2024-01-27,Senior
CUST02944,Customer 02944,Male,53,Dhaka,2024-12-18,Senior
CUST02945,Customer 02945,Female,39,Chattogram,2024-01-20,Mid-age
CUST02946,Customer 02946,Female,39,Chattogram,2024-01-16,Mid-age
CUST02947,Customer 02947,Male,39,Dhaka,2024-08-26,Mid-age
CUST02948,Customer 02948,Female,51,Rajshahi,2025-07-22,Senior
CUST02949,Customer 02949,Female,46,Rajshahi,2024-02-03,Senior
CUST02950,Customer 02950,Female,55,Khulna,2023-04-10,Senior
CUST02951,Customer 02951,Female,50,Khulna,2024-01-18,Senior
CUST02952,Customer 02952,Male,35,Dhaka,2024-12-07,Mid-age
CUST02953,Customer 02953,Female,24,Mymensingh,2023-01-10,Young
CUST02954,Customer 02954,Female,18,Barishal,2023-09-21,Young
CUST02955,Customer 02955,Female,50,Rangpur,2025-04-11,Senior
CUST02956,Customer 02956,Male,18,Dhaka,2024-09-21,Young
CUST02957,Customer 02957,Male,41,Mymensingh,2025-01-31,Mid-age
CUST02958,Customer 02958,Male,21,Barishal,2023-07-14,Young
CUST02959,Customer 02959,Male,21,Barishal,2024-07-15,Young
CUST02960,Customer 02960,Male,35,Dhaka,2023-04-07,Mid-age
CUST02961,Customer 02961,Male,44,Khulna,2024-04-06,Mid-age
CUST02962,Customer 02962,Male,60,Mymensingh,2025-01-27,Senior
CUST02963,Customer 02963,Female,49,Rajshahi,2023-03-28,Senior
CUST02964,Customer 02964,Female,50,Sylhet,2025-09-17,Senior
CUST02965,Customer 02965,Female,45,Mymensingh,2023-03-18,Senior
CUST02966,Customer 02966,Male,59,Chattogram,2024-10-22,Senior
CUST02967,Customer 02967,Male,58,Sylhet,2025-02-03,Senior
CUST02968,Customer 02968,Male,53,Chattogram,2024-11-08,Senior
CUST02969,Customer 02969,Male,23,Mymensingh,2025-03-01,Young
CUST02970,Customer 02970,Male,33,Dhaka,2024-08-05,Adult
CUST02971,Customer 02971,Female,51,Chattogram,2024-11-01,Senior
CUST02972,Customer 02972,Female,40,Rajshahi,2024-06-21,Mid-age
CUST02973,Customer 02973,Male,59,Barishal,2024-03-05,Senior
CUST02974,Customer 02974,Male,41,Sylhet,2025-12-28,Mid-age
CUST02975,Customer 02975,Male,30,Rangpur,2023-05-13,Adult
CUST02976,Customer 02976,Male,35,Mymensingh,2023-07-08,Mid-age
CUST02977,Customer 02977,Female,30,Dhaka,2024-07-26,Adult
CUST02978,Customer 02978,Male,54,Chattogram,2023-10-06,Senior
CUST02979,Customer 02979,Male,60,Dhaka,2024-06-25,Senior
CUST02980,Customer 02980,Male,56,Dhaka,2025-01-15,Senior
CUST02981,Customer 02981,Male,59,Chattogram,2025-06-17,Senior
CUST02982,Customer 02982,Female,34,Rangpur,2024-03-28,Adult
CUST02983,Customer 02983,Male,32,Barishal,2025-06-07,Adult
CUST02984,Customer 02984,Male,35,Dhaka,2025-04-30,Mid-age
CUST02985,Customer 02985,Female,40,Dhaka,2023-06-19,Mid-age
CUST02986,Customer 02986,Female,47,Sylhet,2025-04-09,Senior
CUST02987,Customer 02987,Female,51,Chattogram,2024-11-28,Senior
CUST02988,Customer 02988,Male,21,Dhaka,2025-12-16,Young
CUST02989,Customer 02989,Male,20,Rangpur,2025-02-07,Young
CUST02990,Customer 02990,Female,24,Mymensingh,2023-12-24,Young
CUST02991,Customer 02991,Female,35,Chattogram,2023-07-20,Mid-age
CUST02992,Customer 02992,Female,59,Rangpur,2024-03-19,Senior
CUST02993,Customer 02993,Female,24,Chattogram,2025-04-06,Young
CUST02994,Customer 02994,Female,57,Khulna,2023-04-11,Senior
CUST02995,Customer 02995,Female,23,Chattogram,2025-07-26,Young
CUST02996,Customer 02996,Male,39,Dhaka,2023-01-29,Mid-age
CUST02997,Customer 02997,Male,18,Mymensingh,2024-10-26,Young
CUST02998,Customer 02998,Male,21,Chattogram,2023-03-14,Young
CUST02999,Customer 02999,Female,60,Khulna,2023-09-11,Senior
CUST03000,Customer 03000,Female,46,Dhaka,2024-05-30,Senior
CUST03001,Customer 03001,Female,38,Dhaka,2025-01-18,Mid-age
CUST03002,Customer 03002,Female,43,Dhaka,2025-11-09,Mid-age
CUST03003,Customer 03003,Female,31,Chattogram,2024-06-18,Adult
CUST03004,Customer 03004,Female,26,Rajshahi,2024-02-25,Adult
CUST03005,Customer 03005,Male,29,Dhaka,2024-03-21,Adult
CUST03006,Customer 03006,Male,59,Rajshahi,2025-05-28,Senior
CUST03007,Customer 03007,Female,23,Rajshahi,2023-05-16,Young
CUST03008,Customer 03008,Male,37,Rajshahi,2023-02-02,Mid-age
CUST03009,Customer 03009,Female,41,Chattogram,2024-10-08,Mid-age
CUST03010,Customer 03010,Male,44,Rangpur,2023-10-05,Mid-age
CUST03011,Customer 03011,Female,55,Chattogram,2023-05-13,Senior
CUST03012,Customer 03012,Female,25,Chattogram,2025-01-19,Adult
CUST03013,Customer 03013,Male,18,Dhaka,2023-05-06,Young
CUST03014,Customer 03014,Male,41,Dhaka,2023-12-11,Mid-age
CUST03015,Customer 03015,Female,24,Dhaka,2023-01-17,Young
CUST03016,Customer 03016,Female,36,Sylhet,2025-04-03,Mid-age
CUST03017,Customer 03017,Male,39,Dhaka,2024-07-15,Mid-age
CUST03018,Customer 03018,Male,52,Dhaka,2024-10-08,Senior
CUST03019,Customer 03019,Female,47,Khulna,2024-09-21,Senior
CUST03020,Customer 03020,Male,46,Dhaka,2025-03-28,Senior
CUST03021,Customer 03021,Female,39,Dhaka,2023-03-01,Mid-age
CUST03022,Customer 03022,Female,28,Dhaka,2024-04-11,Adult
CUST03023,Customer 03023,Female,37,Khulna,2024-09-19,Mid-age
CUST03024,Customer 03024,Female,46,Dhaka,2024-01-26,Senior
CUST03025,Customer 03025,Male,58,Chattogram,2025-07-24,Senior
CUST03026,Customer 03026,Male,59,Chattogram,2024-11-15,Senior
CUST03027,Customer 03027,Male,51,Rajshahi,2024-05-12,Senior
CUST03028,Customer 03028,Male,18,Sylhet,2024-08-22,Young
CUST03029,Customer 03029,Male,48,Barishal,2024-03-24,Senior
CUST03030,Customer 03030,Male,47,Dhaka,2024-11-10,Senior
CUST03031,Customer 03031,Male,35,Dhaka,2023-05-10,Mid-age
CUST03032,Customer 03032,Female,34,Dhaka,2023-05-29,Adult
CUST03033,Customer 03033,Male,55,Dhaka,2025-03-28,Senior
CUST03034,Customer 03034,Male,31,Dhaka,2025-08-05,Adult
CUST03035,Customer 03035,Female,40,Dhaka,2024-05-14,Mid-age
CUST03036,Customer 03036,Male,42,Chattogram,2024-10-19,Mid-age
CUST03037,Customer 03037,Male,32,Rajshahi,2025-11-19,Adult
CUST03038,Customer 03038,Female,39,Chattogram,2024-07-30,Mid-age
CUST03039,Customer 03039,Male,20,Khulna,2025-11-13,Young
CUST03040,Customer 03040,Male,36,Dhaka,2025-09-10,Mid-age
CUST03041,Customer 03041,Male,51,Dhaka,2024-12-23,Senior
CUST03042,Customer 03042,Female,52,Chattogram,2023-08-10,Senior
CUST03043,Customer 03043,Male,18,Dhaka,2024-08-24,Young
CUST03044,Customer 03044,Male,38,Dhaka,2024-11-14,Mid-age
CUST03045,Customer 03045,Female,46,Chattogram,2025-01-11,Senior
CUST03046,Customer 03046,Male,23,Mymensingh,2025-07-13,Young
CUST03047,Customer 03047,Female,54,Khulna,2024-08-02,Senior
CUST03048,Customer 03048,Female,18,Dhaka,2024-02-05,Young
CUST03049,Customer 03049,Male,18,Barishal,2025-06-19,Young
CUST03050,Customer 03050,Female,44,Khulna,2024-05-26,Mid-age
CUST03051,Customer 03051,Female,38,Sylhet,2023-03-29,Mid-age
CUST03052,Customer 03052,Male,33,Barishal,2023-02-19,Adult
CUST03053,Customer 03053,Female,57,Chattogram,2023-04-13,Senior
CUST03054,Customer 03054,Female,43,Dhaka,2024-01-03,Mid-age
CUST03055,Customer 03055,Male,33,Chattogram,2025-07-24,Adult
CUST03056,Customer 03056,Male,45,Chattogram,2025-06-16,Senior
CUST03057,Customer 03057,Male,18,Chattogram,2025-06-27,Young
CUST03058,Customer 03058,Female,53,Sylhet,2023-09-15,Senior
CUST03059,Customer 03059,Male,27,Mymensingh,2024-01-25,Adult
CUST03060,Customer 03060,Female,60,Rangpur,2025-02-11,Senior
CUST03061,Customer 03061,Female,34,Rangpur,2025-01-23,Adult
CUST03062,Customer 03062,Female,40,Barishal,2024-01-29,Mid-age
CUST03063,Customer 03063,Female,24,Mymensingh,2024-11-13,Young
CUST03064,Customer 03064,Female,24,Dhaka,2023-09-27,Young
CUST03065,Customer 03065,Female,32,Dhaka,2023-05-29,Adult
CUST03066,Customer 03066,Female,51,Chattogram,2025-03-21,Senior
CUST03067,Customer 03067,Male,21,Barishal,2023-01-28,Young
CUST03068,Customer 03068,Male,31,Chattogram,2023-10-07,Adult
CUST03069,Customer 03069,Female,31,Khulna,2023-06-15,Adult
CUST03070,Customer 03070,Female,33,Dhaka,2023-01-17,Adult
CUST03071,Customer 03071,Male,24,Dhaka,2023-12-05,Young
CUST03072,Customer 03072,Female,49,Khulna,2025-12-04,Senior
CUST03073,Customer 03073,Male,36,Dhaka,2025-04-21,Mid-age
CUST03074,Customer 03074,Male,19,Dhaka,2023-07-08,Young
CUST03075,Customer 03075,Male,27,Dhaka,2024-10-12,Adult
CUST03076,Customer 03076,Female,34,Dhaka,2025-12-20,Adult
CUST03077,Customer 03077,Female,54,Rajshahi,2023-10-21,Senior
CUST03078,Customer 03078,Male,29,Dhaka,2025-11-22,Adult
CUST03079,Customer 03079,Male,23,Chattogram,2024-02-19,Young
CUST03080,Customer 03080,Male,39,Dhaka,2025-03-13,Mid-age
CUST03081,Customer 03081,Male,49,Barishal,2024-03-06,Senior
CUST03082,Customer 03082,Male,58,Dhaka,2025-11-12,Senior
CUST03083,Customer 03083,Female,37,Rajshahi,2024-05-01,Mid-age
CUST03084,Customer 03084,Male,18,Khulna,2023-03-30,Young
CUST03085,Customer 03085,Female,23,Dhaka,2023-09-28,Young
CUST03086,Customer 03086,Male,36,Rangpur,2025-06-18,Mid-age
CUST03087,Customer 03087,Female,35,Sylhet,2023-10-05,Mid-age
CUST03088,Customer 03088,Female,23,Chattogram,2023-07-25,Young
CUST03089,Customer 03089,Female,50,Dhaka,2025-07-01,Senior
CUST03090,Customer 03090,Female,40,Mymensingh,2023-11-24,Mid-age
CUST03091,Customer 03091,Female,40,Khulna,2025-05-07,Mid-age
CUST03092,Customer 03092,Female,43,Dhaka,2025-05-26,Mid-age
CUST03093,Customer 03093,Male,30,Dhaka,2025-05-11,Adult
CUST03094,Customer 03094,Female,24,Barishal,2023-12-02,Young
CUST03095,Customer 03095,Male,32,Rajshahi,2024-08-28,Adult
CUST03096,Customer 03096,Female,44,Khulna,2024-08-14,Mid-age
CUST03097,Customer 03097,Female,43,Chattogram,2025-11-27,Mid-age
CUST03098,Customer 03098,Male,50,Khulna,2025-10-10,Senior
CUST03099,Customer 03099,Female,32,Chattogram,2024-12-08,Adult
CUST03100,Customer 03100,Male,53,Dhaka,2025-09-04,Senior
CUST03101,Customer 03101,Male,44,Sylhet,2024-02-29,Mid-age
CUST03102,Customer 03102,Male,22,Mymensingh,2024-08-09,Young
CUST03103,Customer 03103,Male,19,Dhaka,2025-03-16,Young
CUST03104,Customer 03104,Female,50,Chattogram,2024-12-20,Senior
CUST03105,Customer 03105,Female,33,Rajshahi,2025-08-06,Adult
CUST03106,Customer 03106,Male,40,Chattogram,2024-10-16,Mid-age
CUST03107,Customer 03107,Female,55,Barishal,2024-04-18,Senior
CUST03108,Customer 03108,Female,33,Khulna,2024-07-21,Adult
CUST03109,Customer 03109,Male,31,Dhaka,2023-07-30,Adult
CUST03110,Customer 03110,Female,46,Mymensingh,2025-12-17,Senior
CUST03111,Customer 03111,Male,43,Khulna,2023-08-03,Mid-age
CUST03112,Customer 03112,Male,52,Rangpur,2025-06-18,Senior
CUST03113,Customer 03113,Female,32,Rajshahi,2024-04-11,Adult
CUST03114,Customer 03114,Female,20,Rangpur,2023-12-20,Young
CUST03115,Customer 03115,Female,40,Dhaka,2025-11-08,Mid-age
CUST03116,Customer 03116,Male,46,Dhaka,2024-09-16,Senior
CUST03117,Customer 03117,Male,51,Rangpur,2024-01-07,Senior
CUST03118,Customer 03118,Female,50,Dhaka,2023-07-03,Senior
CUST03119,Customer 03119,Female,58,Dhaka,2024-11-04,Senior
CUST03120,Customer 03120,Female,58,Khulna,2025-01-24,Senior
CUST03121,Customer 03121,Female,40,Barishal,2023-11-18,Mid-age
CUST03122,Customer 03122,Male,24,Dhaka,2024-03-10,Young
CUST03123,Customer 03123,Female,20,Rangpur,2025-12-02,Young
CUST03124,Customer 03124,Male,49,Rajshahi,2023-10-20,Senior
CUST03125,Customer 03125,Male,48,Chattogram,2024-11-18,Senior
CUST03126,Customer 03126,Female,35,Barishal,2025-06-06,Mid-age
CUST03127,Customer 03127,Female,60,Chattogram,2023-03-10,Senior
CUST03128,Customer 03128,Female,24,Dhaka,2023-02-25,Young
CUST03129,Customer 03129,Male,58,Dhaka,2024-09-22,Senior
CUST03130,Customer 03130,Female,18,Chattogram,2024-02-24,Young
CUST03131,Customer 03131,Female,31,Chattogram,2024-07-20,Adult
CUST03132,Customer 03132,Male,49,Barishal,2024-07-03,Senior
CUST03133,Customer 03133,Female,23,Barishal,2023-08-31,Young
CUST03134,Customer 03134,Male,56,Sylhet,2025-01-17,Senior
CUST03135,Customer 03135,Female,27,Khulna,2024-06-10,Adult
CUST03136,Customer 03136,Male,24,Dhaka,2023-03-18,Young
CUST03137,Customer 03137,Female,43,Dhaka,2024-03-15,Mid-age
CUST03138,Customer 03138,Female,51,Rangpur,2025-12-14,Senior
CUST03139,Customer 03139,Male,47,Dhaka,2024-05-30,Senior
CUST03140,Customer 03140,Male,53,Dhaka,2024-09-06,Senior
CUST03141,Customer 03141,Female,38,Rajshahi,2025-10-27,Mid-age
CUST03142,Customer 03142,Male,34,Chattogram,2024-11-06,Adult
CUST03143,Customer 03143,Male,50,Rangpur,2024-02-24,Senior
CUST03144,Customer 03144,Male,27,Dhaka,2023-10-03,Adult
CUST03145,Customer 03145,Male,59,Dhaka,2024-08-30,Senior
CUST03146,Customer 03146,Female,29,Dhaka,2024-07-24,Adult
CUST03147,Customer 03147,Female,33,Sylhet,2023-03-31,Adult
CUST03148,Customer 03148,Male,58,Dhaka,2023-10-09,Senior
CUST03149,Customer 03149,Male,49,Chattogram,2024-09-29,Senior
CUST03150,Customer 03150,Male,32,Rangpur,2025-03-21,Adult
CUST03151,Customer 03151,Male,44,Rangpur,2025-05-17,Mid-age
CUST03152,Customer 03152,Female,45,Dhaka,2024-04-06,Senior
CUST03153,Customer 03153,Female,34,Chattogram,2025-01-19,Adult
CUST03154,Customer 03154,Male,19,Chattogram,2023-10-28,Young
CUST03155,Customer 03155,Male,53,Mymensingh,2024-08-22,Senior
CUST03156,Customer 03156,Male,24,Mymensingh,2024-06-12,Young
CUST03157,Customer 03157,Female,30,Dhaka,2023-05-20,Adult
CUST03158,Customer 03158,Male,32,Khulna,2023-10-05,Adult
CUST03159,Customer 03159,Female,42,Dhaka,2024-10-24,Mid-age
CUST03160,Customer 03160,Male,40,Dhaka,2024-05-25,Mid-age
CUST03161,Customer 03161,Female,39,Dhaka,2023-04-24,Mid-age
CUST03162,Customer 03162,Male,43,Chattogram,2024-08-02,Mid-age
CUST03163,Customer 03163,Female,50,Chattogram,2024-11-21,Senior
CUST03164,Customer 03164,Male,28,Dhaka,2024-09-28,Adult
CUST03165,Customer 03165,Male,27,Rajshahi,2025-04-02,Adult
CUST03166,Customer 03166,Male,42,Dhaka,2025-05-24,Mid-age
CUST03167,Customer 03167,Female,54,Chattogram,2025-07-28,Senior
CUST03168,Customer 03168,Male,60,Dhaka,2025-07-30,Senior
CUST03169,Customer 03169,Female,55,Dhaka,2023-12-24,Senior
CUST03170,Customer 03170,Female,58,Chattogram,2023-01-03,Senior
CUST03171,Customer 03171,Male,41,Dhaka,2024-02-08,Mid-age
CUST03172,Customer 03172,Male,57,Chattogram,2023-01-25,Senior
CUST03173,Customer 03173,Male,50,Dhaka,2024-05-23,Senior
CUST03174,Customer 03174,Female,34,Chattogram,2024-11-26,Adult
CUST03175,Customer 03175,Male,41,Dhaka,2023-03-02,Mid-age
CUST03176,Customer 03176,Female,54,Rajshahi,2023-05-03,Senior
CUST03177,Customer 03177,Female,19,Khulna,2023-02-24,Young
CUST03178,Customer 03178,Male,49,Dhaka,2025-08-31,Senior
CUST03179,Customer 03179,Male,41,Chattogram,2025-11-28,Mid-age
CUST03180,Customer 03180,Male,26,Dhaka,2024-06-29,Adult
CUST03181,Customer 03181,Male,21,Sylhet,2023-04-23,Young
CUST03182,Customer 03182,Male,34,Dhaka,2024-02-29,Adult
CUST03183,Customer 03183,Male,34,Chattogram,2025-07-06,Adult
CUST03184,Customer 03184,Female,47,Chattogram,2023-08-18,Senior
CUST03185,Customer 03185,Female,57,Mymensingh,2025-07-05,Senior
CUST03186,Customer 03186,Female,28,Chattogram,2023-06-04,Adult
CUST03187,Customer 03187,Male,38,Sylhet,2023-06-14,Mid-age
CUST03188,Customer 03188,Female,38,Chattogram,2025-08-19,Mid-age
CUST03189,Customer 03189,Female,35,Mymensingh,2024-10-10,Mid-age
CUST03190,Customer 03190,Female,46,Khulna,2025-07-26,Senior
CUST03191,Customer 03191,Female,41,Dhaka,2024-05-26,Mid-age
CUST03192,Customer 03192,Female,27,Barishal,2025-07-20,Adult
CUST03193,Customer 03193,Male,34,Chattogram,2023-09-23,Adult
CUST03194,Customer 03194,Male,35,Barishal,2023-07-06,Mid-age
CUST03195,Customer 03195,Female,59,Barishal,2025-11-29,Senior
CUST03196,Customer 03196,Female,37,Dhaka,2024-01-26,Mid-age
CUST03197,Customer 03197,Female,54,Rajshahi,2024-10-16,Senior
CUST03198,Customer 03198,Male,35,Dhaka,2023-06-25,Mid-age
CUST03199,Customer 03199,Male,34,Dhaka,2025-02-12,Adult
CUST03200,Customer 03200,Female,26,Dhaka,2025-02-02,Adult
CUST03201,Customer 03201,Male,31,Khulna,2025-07-19,Adult
CUST03202,Customer 03202,Male,46,Dhaka,2024-12-11,Senior
CUST03203,Customer 03203,Female,48,Dhaka,2025-04-05,Senior
CUST03204,Customer 03204,Male,21,Khulna,2024-08-11,Young
CUST03205,Customer 03205,Male,35,Dhaka,2024-06-14,Mid-age
CUST03206,Customer 03206,Female,37,Dhaka,2025-12-21,Mid-age
CUST03207,Customer 03207,Male,60,Dhaka,2023-10-08,Senior
CUST03208,Customer 03208,Male,26,Dhaka,2023-08-15,Adult
CUST03209,Customer 03209,Female,30,Chattogram,2024-09-30,Adult
CUST03210,Customer 03210,Male,32,Dhaka,2025-12-17,Adult
CUST03211,Customer 03211,Male,44,Mymensingh,2025-07-09,Mid-age
CUST03212,Customer 03212,Female,32,Khulna,2024-04-21,Adult
CUST03213,Customer 03213,Female,45,Dhaka,2024-12-16,Senior
CUST03214,Customer 03214,Female,54,Dhaka,2023-08-31,Senior
CUST03215,Customer 03215,Male,36,Chattogram,2024-01-02,Mid-age
CUST03216,Customer 03216,Female,43,Sylhet,2025-07-24,Mid-age
CUST03217,Customer 03217,Male,43,Dhaka,2025-04-17,Mid-age
CUST03218,Customer 03218,Female,42,Dhaka,2025-06-24,Mid-age
CUST03219,Customer 03219,Male,43,Rangpur,2024-01-11,Mid-age
CUST03220,Customer 03220,Female,43,Dhaka,2024-12-11,Mid-age
CUST03221,Customer 03221,Female,45,Chattogram,2023-12-09,Senior
CUST03222,Customer 03222,Female,35,Rangpur,2023-08-28,Mid-age
CUST03223,Customer 03223,Female,49,Rajshahi,2023-05-19,Senior
CUST03224,Customer 03224,Male,20,Dhaka,2024-02-24,Young
CUST03225,Customer 03225,Female,19,Rajshahi,2023-10-31,Young
CUST03226,Customer 03226,Female,50,Dhaka,2023-04-25,Senior
CUST03227,Customer 03227,Male,59,Khulna,2023-12-09,Senior
CUST03228,Customer 03228,Female,36,Chattogram,2023-01-07,Mid-age
CUST03229,Customer 03229,Male,34,Barishal,2024-12-31,Adult
CUST03230,Customer 03230,Female,50,Mymensingh,2023-06-28,Senior
CUST03231,Customer 03231,Female,29,Mymensingh,2024-02-20,Adult
CUST03232,Customer 03232,Female,20,Rangpur,2024-10-27,Young
CUST03233,Customer 03233,Male,60,Chattogram,2023-05-30,Senior
CUST03234,Customer 03234,Female,43,Dhaka,2024-02-01,Mid-age
CUST03235,Customer 03235,Female,52,Chattogram,2024-01-16,Senior
CUST03236,Customer 03236,Female,25,Rajshahi,2025-04-18,Adult
CUST03237,Customer 03237,Male,53,Rangpur,2023-01-01,Senior
CUST03238,Customer 03238,Male,24,Dhaka,2023-09-01,Young
CUST03239,Customer 03239,Female,53,Rangpur,2025-05-28,Senior
CUST03240,Customer 03240,Male,33,Barishal,2025-01-29,Adult
CUST03241,Customer 03241,Female,41,Mymensingh,2025-08-11,Mid-age
CUST03242,Customer 03242,Female,18,Rangpur,2025-09-03,Young
CUST03243,Customer 03243,Female,42,Dhaka,2023-01-01,Mid-age
CUST03244,Customer 03244,Female,27,Dhaka,2024-07-06,Adult
CUST03245,Customer 03245,Female,33,Dhaka,2024-04-26,Adult
CUST03246,Customer 03246,Female,33,Dhaka,2024-08-22,Adult
CUST03247,Customer 03247,Female,25,Sylhet,2025-02-01,Adult
CUST03248,Customer 03248,Male,46,Barishal,2023-12-01,Senior
CUST03249,Customer 03249,Male,56,Rangpur,2024-04-09,Senior
CUST03250,Customer 03250,Male,45,Sylhet,2024-08-05,Senior
CUST03251,Customer 03251,Male,23,Dhaka,2023-05-17,Young
CUST03252,Customer 03252,Male,33,Dhaka,2025-09-30,Adult
CUST03253,Customer 03253,Male,37,Dhaka,2025-08-07,Mid-age
CUST03254,Customer 03254,Male,33,Dhaka,2024-11-17,Adult
CUST03255,Customer 03255,Female,24,Chattogram,2023-06-16,Young
CUST03256,Customer 03256,Female,58,Dhaka,2025-06-28,Senior
CUST03257,Customer 03257,Female,31,Dhaka,2025-05-29,Adult
CUST03258,Customer 03258,Female,60,Dhaka,2025-04-21,Senior
CUST03259,Customer 03259,Male,43,Rajshahi,2023-03-06,Mid-age
CUST03260,Customer 03260,Male,43,Chattogram,2025-12-26,Mid-age
CUST03261,Customer 03261,Female,31,Chattogram,2024-03-08,Adult
CUST03262,Customer 03262,Female,24,Chattogram,2025-12-09,Young
CUST03263,Customer 03263,Male,50,Mymensingh,2023-04-25,Senior
CUST03264,Customer 03264,Female,43,Dhaka,2024-07-22,Mid-age
CUST03265,Customer 03265,Female,37,Chattogram,2024-10-03,Mid-age
CUST03266,Customer 03266,Female,20,Khulna,2024-05-09,Young
CUST03267,Customer 03267,Female,21,Chattogram,2025-07-29,Young
CUST03268,Customer 03268,Male,43,Mymensingh,2025-08-25,Mid-age
CUST03269,Customer 03269,Female,28,Dhaka,2025-04-01,Adult
CUST03270,Customer 03270,Female,19,Chattogram,2023-07-21,Young
CUST03271,Customer 03271,Male,31,Dhaka,2024-10-10,Adult
CUST03272,Customer 03272,Male,47,Sylhet,2024-07-13,Senior
CUST03273,Customer 03273,Female,29,Dhaka,2025-11-07,Adult
CUST03274,Customer 03274,Male,43,Dhaka,2024-04-22,Mid-age
CUST03275,Customer 03275,Female,50,Chattogram,2024-05-02,Senior
CUST03276,Customer 03276,Female,30,Chattogram,2025-09-09,Adult
CUST03277,Customer 03277,Male,31,Dhaka,2025-02-17,Adult
CUST03278,Customer 03278,Female,41,Rajshahi,2023-12-06,Mid-age
CUST03279,Customer 03279,Female,51,Sylhet,2024-09-03,Senior
CUST03280,Customer 03280,Female,43,Dhaka,2023-04-26,Mid-age
CUST03281,Customer 03281,Female,38,Chattogram,2023-03-15,Mid-age
CUST03282,Customer 03282,Male,45,Khulna,2023-04-26,Senior
CUST03283,Customer 03283,Male,53,Chattogram,2023-05-06,Senior
CUST03284,Customer 03284,Female,57,Chattogram,2024-10-18,Senior
CUST03285,Customer 03285,Male,19,Dhaka,2024-10-25,Young
CUST03286,Customer 03286,Female,59,Sylhet,2025-09-17,Senior
CUST03287,Customer 03287,Female,26,Mymensingh,2025-10-14,Adult
CUST03288,Customer 03288,Female,40,Rajshahi,2025-05-08,Mid-age
CUST03289,Customer 03289,Female,32,Dhaka,2023-03-26,Adult
CUST03290,Customer 03290,Female,30,Chattogram,2024-09-24,Adult
CUST03291,Customer 03291,Male,40,Rangpur,2024-03-26,Mid-age
CUST03292,Customer 03292,Female,34,Dhaka,2024-06-01,Adult
CUST03293,Customer 03293,Male,19,Mymensingh,2025-04-25,Young
CUST03294,Customer 03294,Male,37,Mymensingh,2024-11-25,Mid-age
CUST03295,Customer 03295,Female,37,Dhaka,2024-07-03,Mid-age
CUST03296,Customer 03296,Female,20,Mymensingh,2025-07-17,Young
CUST03297,Customer 03297,Female,29,Dhaka,2023-04-26,Adult
CUST03298,Customer 03298,Female,57,Barishal,2025-10-28,Senior
CUST03299,Customer 03299,Female,19,Chattogram,2024-02-08,Young
CUST03300,Customer 03300,Male,53,Chattogram,2023-10-31,Senior
CUST03301,Customer 03301,Female,31,Sylhet,2025-01-09,Adult
CUST03302,Customer 03302,Female,33,Khulna,2023-03-29,Adult
CUST03303,Customer 03303,Male,36,Dhaka,2025-10-30,Mid-age
CUST03304,Customer 03304,Male,51,Sylhet,2023-11-04,Senior
CUST03305,Customer 03305,Female,23,Dhaka,2024-03-09,Young
CUST03306,Customer 03306,Male,30,Dhaka,2025-03-12,Adult
CUST03307,Customer 03307,Female,53,Dhaka,2023-06-13,Senior
CUST03308,Customer 03308,Male,39,Chattogram,2025-09-22,Mid-age
CUST03309,Customer 03309,Male,35,Dhaka,2024-10-17,Mid-age
CUST03310,Customer 03310,Female,29,Dhaka,2023-01-18,Adult
CUST03311,Customer 03311,Male,47,Dhaka,2025-12-30,Senior
CUST03312,Customer 03312,Male,57,Dhaka,2025-03-21,Senior
CUST03313,Customer 03313,Male,24,Chattogram,2023-12-05,Young
CUST03314,Customer 03314,Male,49,Mymensingh,2023-09-05,Senior
CUST03315,Customer 03315,Male,36,Dhaka,2023-11-02,Mid-age
CUST03316,Customer 03316,Male,23,Mymensingh,2023-07-23,Young
CUST03317,Customer 03317,Female,37,Khulna,2025-05-02,Mid-age
CUST03318,Customer 03318,Female,44,Sylhet,2024-03-22,Mid-age
CUST03319,Customer 03319,Male,60,Rajshahi,2024-12-13,Senior
CUST03320,Customer 03320,Female,54,Barishal,2024-03-08,Senior
CUST03321,Customer 03321,Female,24,Dhaka,2025-04-01,Young
CUST03322,Customer 03322,Female,22,Chattogram,2025-12-06,Young
CUST03323,Customer 03323,Male,28,Rajshahi,2024-05-19,Adult
CUST03324,Customer 03324,Female,32,Sylhet,2023-04-25,Adult
CUST03325,Customer 03325,Male,20,Barishal,2025-09-21,Young
CUST03326,Customer 03326,Female,22,Dhaka,2023-08-11,Young
CUST03327,Customer 03327,Male,40,Rajshahi,2024-09-27,Mid-age
CUST03328,Customer 03328,Male,54,Chattogram,2024-11-02,Senior
CUST03329,Customer 03329,Female,26,Dhaka,2025-08-15,Adult
CUST03330,Customer 03330,Female,32,Dhaka,2025-07-21,Adult
CUST03331,Customer 03331,Male,20,Sylhet,2023-04-06,Young
CUST03332,Customer 03332,Female,46,Rangpur,2023-04-17,Senior
CUST03333,Customer 03333,Female,23,Chattogram,2024-09-23,Young
CUST03334,Customer 03334,Female,34,Barishal,2024-11-28,Adult
CUST03335,Customer 03335,Male,43,Chattogram,2023-02-01,Mid-age
CUST03336,Customer 03336,Male,38,Dhaka,2023-03-07,Mid-age
CUST03337,Customer 03337,Female,25,Dhaka,2025-02-17,Adult
CUST03338,Customer 03338,Female,38,Dhaka,2025-07-04,Mid-age
CUST03339,Customer 03339,Female,28,Chattogram,2024-07-02,Adult
CUST03340,Customer 03340,Male,55,Dhaka,2023-07-20,Senior
CUST03341,Customer 03341,Male,25,Khulna,2023-02-18,Adult
CUST03342,Customer 03342,Female,59,Khulna,2025-02-25,Senior
CUST03343,Customer 03343,Female,41,Dhaka,2025-08-08,Mid-age
CUST03344,Customer 03344,Female,52,Dhaka,2023-09-20,Senior
CUST03345,Customer 03345,Female,31,Dhaka,2023-12-10,Adult
CUST03346,Customer 03346,Female,31,Chattogram,2023-01-11,Adult
CUST03347,Customer 03347,Female,27,Dhaka,2023-07-20,Adult
CUST03348,Customer 03348,Male,29,Dhaka,2025-08-02,Adult
CUST03349,Customer 03349,Female,55,Mymensingh,2025-07-14,Senior
CUST03350,Customer 03350,Male,51,Barishal,2023-01-03,Senior
CUST03351,Customer 03351,Female,58,Dhaka,2025-03-18,Senior
CUST03352,Customer 03352,Female,27,Chattogram,2024-07-13,Adult
CUST03353,Customer 03353,Male,34,Dhaka,2023-07-18,Adult
CUST03354,Customer 03354,Male,34,Barishal,2023-04-19,Adult
CUST03355,Customer 03355,Male,20,Chattogram,2023-04-18,Young
CUST03356,Customer 03356,Male,48,Dhaka,2024-07-05,Senior
CUST03357,Customer 03357,Female,18,Khulna,2025-08-30,Young
CUST03358,Customer 03358,Male,29,Chattogram,2023-02-21,Adult
CUST03359,Customer 03359,Female,56,Dhaka,2023-04-22,Senior
CUST03360,Customer 03360,Male,21,Dhaka,2023-10-22,Young
CUST03361,Customer 03361,Female,59,Chattogram,2023-03-06,Senior
CUST03362,Customer 03362,Female,30,Dhaka,2024-07-27,Adult
CUST03363,Customer 03363,Female,51,Dhaka,2024-04-09,Senior
CUST03364,Customer 03364,Female,59,Chattogram,2023-09-15,Senior
CUST03365,Customer 03365,Female,38,Dhaka,2025-09-30,Mid-age
CUST03366,Customer 03366,Female,39,Khulna,2024-09-25,Mid-age
CUST03367,Customer 03367,Male,21,Dhaka,2023-07-29,Young
CUST03368,Customer 03368,Female,35,Dhaka,2023-03-30,Mid-age
CUST03369,Customer 03369,Male,22,Rajshahi,2023-01-28,Young
CUST03370,Customer 03370,Male,36,Khulna,2023-08-26,Mid-age
CUST03371,Customer 03371,Female,19,Barishal,2023-12-02,Young
CUST03372,Customer 03372,Male,29,Chattogram,2023-03-04,Adult
CUST03373,Customer 03373,Female,34,Dhaka,2024-05-14,Adult
CUST03374,Customer 03374,Male,27,Khulna,2025-03-01,Adult
CUST03375,Customer 03375,Female,51,Rajshahi,2024-08-14,Senior
CUST03376,Customer 03376,Male,23,Dhaka,2025-12-10,Young
CUST03377,Customer 03377,Female,25,Rangpur,2023-10-28,Adult
CUST03378,Customer 03378,Female,28,Dhaka,2023-08-17,Adult
CUST03379,Customer 03379,Female,29,Mymensingh,2023-05-30,Adult
CUST03380,Customer 03380,Female,26,Rangpur,2024-06-10,Adult
CUST03381,Customer 03381,Male,19,Rajshahi,2023-11-29,Young
CUST03382,Customer 03382,Female,25,Mymensingh,2023-06-23,Adult
CUST03383,Customer 03383,Male,28,Khulna,2023-03-02,Adult
CUST03384,Customer 03384,Male,53,Dhaka,2025-12-20,Senior
CUST03385,Customer 03385,Male,27,Chattogram,2025-03-29,Adult
CUST03386,Customer 03386,Female,38,Dhaka,2024-06-07,Mid-age
CUST03387,Customer 03387,Male,37,Chattogram,2023-08-04,Mid-age
CUST03388,Customer 03388,Male,25,Khulna,2024-09-15,Adult
CUST03389,Customer 03389,Male,53,Chattogram,2024-07-31,Senior
CUST03390,Customer 03390,Female,46,Dhaka,2024-11-24,Senior
CUST03391,Customer 03391,Female,59,Sylhet,2024-02-27,Senior
CUST03392,Customer 03392,Male,29,Rangpur,2024-12-16,Adult
CUST03393,Customer 03393,Female,31,Dhaka,2025-01-23,Adult
CUST03394,Customer 03394,Female,38,Chattogram,2025-01-16,Mid-age
CUST03395,Customer 03395,Male,39,Dhaka,2024-11-18,Mid-age
CUST03396,Customer 03396,Male,38,Rajshahi,2024-12-23,Mid-age
CUST03397,Customer 03397,Female,47,Dhaka,2025-01-16,Senior
CUST03398,Customer 03398,Male,56,Rajshahi,2023-08-30,Senior
CUST03399,Customer 03399,Female,37,Dhaka,2024-10-26,Mid-age
CUST03400,Customer 03400,Female,41,Dhaka,2024-12-08,Mid-age
CUST03401,Customer 03401,Female,40,Mymensingh,2024-03-10,Mid-age
CUST03402,Customer 03402,Female,24,Dhaka,2025-02-19,Young
CUST03403,Customer 03403,Female,26,Chattogram,2024-04-28,Adult
CUST03404,Customer 03404,Female,18,Dhaka,2024-01-19,Young
CUST03405,Customer 03405,Male,43,Chattogram,2023-06-19,Mid-age
CUST03406,Customer 03406,Male,55,Chattogram,2025-10-17,Senior
CUST03407,Customer 03407,Female,55,Dhaka,2025-08-07,Senior
CUST03408,Customer 03408,Female,39,Dhaka,2025-05-18,Mid-age
CUST03409,Customer 03409,Female,27,Dhaka,2023-11-19,Adult
CUST03410,Customer 03410,Male,23,Rajshahi,2025-04-27,Young
CUST03411,Customer 03411,Female,34,Khulna,2024-11-26,Adult
CUST03412,Customer 03412,Male,55,Chattogram,2023-12-25,Senior
CUST03413,Customer 03413,Female,41,Sylhet,2023-02-01,Mid-age
CUST03414,Customer 03414,Female,27,Dhaka,2023-06-26,Adult
CUST03415,Customer 03415,Male,25,Dhaka,2025-07-05,Adult
CUST03416,Customer 03416,Male,38,Dhaka,2023-03-06,Mid-age
CUST03417,Customer 03417,Female,23,Dhaka,2023-01-27,Young
CUST03418,Customer 03418,Female,38,Dhaka,2023-09-25,Mid-age
CUST03419,Customer 03419,Female,56,Chattogram,2024-08-19,Senior
CUST03420,Customer 03420,Male,41,Sylhet,2025-10-08,Mid-age
CUST03421,Customer 03421,Male,50,Mymensingh,2023-03-07,Senior
CUST03422,Customer 03422,Male,35,Dhaka,2023-05-13,Mid-age
CUST03423,Customer 03423,Male,45,Rajshahi,2025-07-04,Senior
CUST03424,Customer 03424,Male,49,Barishal,2023-03-23,Senior
CUST03425,Customer 03425,Male,29,Sylhet,2025-09-08,Adult
CUST03426,Customer 03426,Female,59,Dhaka,2024-08-07,Senior
CUST03427,Customer 03427,Female,44,Dhaka,2023-11-23,Mid-age
CUST03428,Customer 03428,Male,27,Dhaka,2024-06-25,Adult
CUST03429,Customer 03429,Female,59,Dhaka,2023-07-29,Senior
CUST03430,Customer 03430,Female,49,Khulna,2023-05-13,Senior
CUST03431,Customer 03431,Male,59,Dhaka,2023-06-06,Senior
CUST03432,Customer 03432,Female,43,Dhaka,2025-05-24,Mid-age
CUST03433,Customer 03433,Male,42,Rajshahi,2024-01-17,Mid-age
CUST03434,Customer 03434,Male,28,Khulna,2025-11-11,Adult
CUST03435,Customer 03435,Female,40,Chattogram,2025-08-31,Mid-age
CUST03436,Customer 03436,Male,51,Rajshahi,2024-08-17,Senior
CUST03437,Customer 03437,Male,57,Chattogram,2024-04-16,Senior
CUST03438,Customer 03438,Male,40,Dhaka,2023-08-22,Mid-age
CUST03439,Customer 03439,Male,46,Chattogram,2024-07-25,Senior
CUST03440,Customer 03440,Male,48,Sylhet,2025-02-09,Senior
CUST03441,Customer 03441,Male,24,Mymensingh,2023-10-28,Young
CUST03442,Customer 03442,Male,57,Dhaka,2023-11-02,Senior
CUST03443,Customer 03443,Male,50,Chattogram,2023-01-02,Senior
CUST03444,Customer 03444,Female,38,Dhaka,2023-09-28,Mid-age
CUST03445,Customer 03445,Female,19,Chattogram,2024-02-25,Young
CUST03446,Customer 03446,Female,35,Dhaka,2024-11-30,Mid-age
CUST03447,Customer 03447,Male,50,Dhaka,2025-05-13,Senior
CUST03448,Customer 03448,Male,54,Barishal,2025-08-17,Senior
CUST03449,Customer 03449,Female,51,Chattogram,2025-09-20,Senior
CUST03450,Customer 03450,Female,37,Chattogram,2025-10-06,Mid-age
CUST03451,Customer 03451,Female,52,Dhaka,2025-05-28,Senior
CUST03452,Customer 03452,Male,35,Dhaka,2024-11-22,Mid-age
CUST03453,Customer 03453,Female,41,Chattogram,2025-05-16,Mid-age
CUST03454,Customer 03454,Female,25,Barishal,2025-11-26,Adult
CUST03455,Customer 03455,Male,47,Mymensingh,2023-04-17,Senior
CUST03456,Customer 03456,Female,27,Chattogram,2023-10-08,Adult
CUST03457,Customer 03457,Male,40,Chattogram,2024-07-02,Mid-age
CUST03458,Customer 03458,Male,28,Barishal,2024-07-05,Adult
CUST03459,Customer 03459,Male,19,Chattogram,2023-07-07,Young
CUST03460,Customer 03460,Female,43,Chattogram,2025-01-21,Mid-age
CUST03461,Customer 03461,Female,53,Dhaka,2025-05-19,Senior
CUST03462,Customer 03462,Male,50,Khulna,2023-01-19,Senior
CUST03463,Customer 03463,Female,30,Chattogram,2025-05-08,Adult
CUST03464,Customer 03464,Female,57,Barishal,2025-09-11,Senior
CUST03465,Customer 03465,Female,42,Khulna,2024-02-14,Mid-age
CUST03466,Customer 03466,Female,21,Dhaka,2024-04-28,Young
CUST03467,Customer 03467,Male,59,Khulna,2024-09-15,Senior
CUST03468,Customer 03468,Female,36,Barishal,2024-10-17,Mid-age
CUST03469,Customer 03469,Male,35,Dhaka,2025-02-06,Mid-age
CUST03470,Customer 03470,Male,54,Dhaka,2023-01-18,Senior
CUST03471,Customer 03471,Female,47,Dhaka,2023-07-03,Senior
CUST03472,Customer 03472,Male,36,Chattogram,2024-02-09,Mid-age
CUST03473,Customer 03473,Female,40,Dhaka,2025-03-09,Mid-age
CUST03474,Customer 03474,Female,33,Chattogram,2024-04-23,Adult
CUST03475,Customer 03475,Male,18,Dhaka,2023-01-08,Young
CUST03476,Customer 03476,Male,29,Rangpur,2024-12-05,Adult
CUST03477,Customer 03477,Male,41,Dhaka,2024-06-14,Mid-age
CUST03478,Customer 03478,Male,51,Dhaka,2025-07-01,Senior
CUST03479,Customer 03479,Female,25,Chattogram,2024-11-19,Adult
CUST03480,Customer 03480,Female,35,Chattogram,2025-10-31,Mid-age
CUST03481,Customer 03481,Female,22,Dhaka,2024-07-06,Young
CUST03482,Customer 03482,Male,43,Dhaka,2024-03-21,Mid-age
CUST03483,Customer 03483,Male,47,Dhaka,2024-12-06,Senior
CUST03484,Customer 03484,Male,30,Khulna,2023-07-15,Adult
CUST03485,Customer 03485,Female,36,Khulna,2025-05-09,Mid-age
CUST03486,Customer 03486,Male,46,Chattogram,2024-09-19,Senior
CUST03487,Customer 03487,Female,20,Khulna,2025-09-07,Young
CUST03488,Customer 03488,Male,43,Khulna,2024-09-21,Mid-age
CUST03489,Customer 03489,Female,57,Dhaka,2023-02-13,Senior
CUST03490,Customer 03490,Female,29,Mymensingh,2024-05-03,Adult
CUST03491,Customer 03491,Male,19,Barishal,2023-06-30,Young
CUST03492,Customer 03492,Male,28,Dhaka,2024-01-09,Adult
CUST03493,Customer 03493,Female,45,Dhaka,2024-09-19,Senior
CUST03494,Customer 03494,Female,35,Dhaka,2025-08-14,Mid-age
CUST03495,Customer 03495,Male,30,Dhaka,2023-03-08,Adult
CUST03496,Customer 03496,Male,54,Khulna,2025-02-17,Senior
CUST03497,Customer 03497,Female,39,Chattogram,2024-10-12,Mid-age
CUST03498,Customer 03498,Male,29,Khulna,2023-12-07,Adult
CUST03499,Customer 03499,Female,19,Khulna,2025-06-21,Young
CUST03500,Customer 03500,Female,54,Sylhet,2024-02-02,Senior
CUST03501,Customer 03501,Male,24,Rajshahi,2024-12-03,Young
CUST03502,Customer 03502,Male,43,Dhaka,2023-04-07,Mid-age
CUST03503,Customer 03503,Male,43,Dhaka,2024-03-24,Mid-age
CUST03504,Customer 03504,Male,41,Sylhet,2023-03-18,Mid-age
CUST03505,Customer 03505,Male,29,Dhaka,2025-06-14,Adult
CUST03506,Customer 03506,Female,33,Dhaka,2024-07-02,Adult
CUST03507,Customer 03507,Female,40,Rangpur,2025-03-08,Mid-age
CUST03508,Customer 03508,Male,57,Rajshahi,2025-03-25,Senior
CUST03509,Customer 03509,Male,26,Dhaka,2025-10-18,Adult
CUST03510,Customer 03510,Male,49,Rajshahi,2023-05-15,Senior
CUST03511,Customer 03511,Female,32,Barishal,2024-10-15,Adult
CUST03512,Customer 03512,Male,54,Dhaka,2024-10-07,Senior
CUST03513,Customer 03513,Male,30,Dhaka,2024-12-20,Adult
CUST03514,Customer 03514,Female,22,Mymensingh,2024-09-04,Young
CUST03515,Customer 03515,Female,28,Dhaka,2024-04-28,Adult
CUST03516,Customer 03516,Male,27,Dhaka,2025-12-05,Adult
CUST03517,Customer 03517,Male,30,Chattogram,2024-10-09,Adult
CUST03518,Customer 03518,Male,58,Khulna,2025-03-02,Senior
CUST03519,Customer 03519,Female,32,Dhaka,2024-08-01,Adult
CUST03520,Customer 03520,Male,59,Dhaka,2025-10-24,Senior
CUST03521,Customer 03521,Male,24,Dhaka,2023-01-01,Young
CUST03522,Customer 03522,Male,57,Mymensingh,2023-04-19,Senior
CUST03523,Customer 03523,Female,45,Dhaka,2024-04-04,Senior
CUST03524,Customer 03524,Female,49,Sylhet,2023-09-23,Senior
CUST03525,Customer 03525,Male,52,Mymensingh,2023-02-13,Senior
CUST03526,Customer 03526,Male,32,Dhaka,2025-06-04,Adult
CUST03527,Customer 03527,Female,53,Mymensingh,2025-08-01,Senior
CUST03528,Customer 03528,Female,38,Mymensingh,2025-09-09,Mid-age
CUST03529,Customer 03529,Female,23,Rangpur,2023-09-19,Young
CUST03530,Customer 03530,Female,18,Dhaka,2024-12-28,Young
CUST03531,Customer 03531,Female,21,Sylhet,2024-09-24,Young
CUST03532,Customer 03532,Female,28,Khulna,2023-06-01,Adult
CUST03533,Customer 03533,Female,43,Mymensingh,2023-08-01,Mid-age
CUST03534,Customer 03534,Female,54,Dhaka,2025-10-12,Senior
CUST03535,Customer 03535,Female,40,Khulna,2025-05-12,Mid-age
CUST03536,Customer 03536,Male,46,Dhaka,2024-09-14,Senior
CUST03537,Customer 03537,Male,38,Dhaka,2023-12-27,Mid-age
CUST03538,Customer 03538,Male,44,Chattogram,2023-11-16,Mid-age
CUST03539,Customer 03539,Female,56,Barishal,2023-08-10,Senior
CUST03540,Customer 03540,Male,57,Chattogram,2023-07-29,Senior
CUST03541,Customer 03541,Female,30,Chattogram,2025-07-19,Adult
CUST03542,Customer 03542,Female,40,Mymensingh,2024-05-03,Mid-age
CUST03543,Customer 03543,Male,33,Chattogram,2024-08-23,Adult
CUST03544,Customer 03544,Female,47,Sylhet,2025-02-12,Senior
CUST03545,Customer 03545,Male,21,Dhaka,2025-05-27,Young
CUST03546,Customer 03546,Male,57,Chattogram,2024-11-30,Senior
CUST03547,Customer 03547,Male,33,Rajshahi,2024-03-27,Adult
CUST03548,Customer 03548,Female,48,Mymensingh,2024-02-17,Senior
CUST03549,Customer 03549,Male,59,Chattogram,2024-04-20,Senior
CUST03550,Customer 03550,Female,42,Khulna,2023-09-13,Mid-age
CUST03551,Customer 03551,Male,29,Dhaka,2023-05-07,Adult
CUST03552,Customer 03552,Male,43,Dhaka,2024-01-27,Mid-age
CUST03553,Customer 03553,Male,54,Chattogram,2024-04-24,Senior
CUST03554,Customer 03554,Female,50,Dhaka,2025-09-19,Senior
CUST03555,Customer 03555,Female,45,Dhaka,2025-07-11,Senior
CUST03556,Customer 03556,Female,26,Chattogram,2024-02-06,Adult
CUST03557,Customer 03557,Male,29,Dhaka,2023-10-01,Adult
CUST03558,Customer 03558,Male,22,Dhaka,2025-04-24,Young
CUST03559,Customer 03559,Female,45,Chattogram,2023-05-19,Senior
CUST03560,Customer 03560,Female,52,Sylhet,2023-04-13,Senior
CUST03561,Customer 03561,Female,22,Mymensingh,2024-04-28,Young
CUST03562,Customer 03562,Female,51,Rajshahi,2024-06-12,Senior
CUST03563,Customer 03563,Female,51,Chattogram,2023-08-12,Senior
CUST03564,Customer 03564,Female,30,Mymensingh,2023-04-24,Adult
CUST03565,Customer 03565,Male,56,Khulna,2024-10-05,Senior
CUST03566,Customer 03566,Female,59,Dhaka,2024-10-12,Senior
CUST03567,Customer 03567,Male,31,Dhaka,2024-04-02,Adult
CUST03568,Customer 03568,Male,28,Rajshahi,2024-01-10,Adult
CUST03569,Customer 03569,Female,59,Chattogram,2024-09-02,Senior
CUST03570,Customer 03570,Female,55,Khulna,2023-07-26,Senior
CUST03571,Customer 03571,Male,21,Khulna,2025-07-05,Young
CUST03572,Customer 03572,Female,50,Sylhet,2023-11-17,Senior
CUST03573,Customer 03573,Female,24,Mymensingh,2023-04-03,Young
CUST03574,Customer 03574,Male,58,Chattogram,2025-05-21,Senior
CUST03575,Customer 03575,Male,25,Dhaka,2023-04-09,Adult
CUST03576,Customer 03576,Male,54,Barishal,2023-08-13,Senior
CUST03577,Customer 03577,Female,27,Dhaka,2025-05-01,Adult
CUST03578,Customer 03578,Male,60,Khulna,2024-03-16,Senior
CUST03579,Customer 03579,Female,32,Mymensingh,2024-12-20,Adult
CUST03580,Customer 03580,Male,55,Rajshahi,2024-08-07,Senior
CUST03581,Customer 03581,Male,32,Sylhet,2023-03-05,Adult
CUST03582,Customer 03582,Male,22,Chattogram,2025-02-06,Young
CUST03583,Customer 03583,Female,46,Dhaka,2024-07-13,Senior
CUST03584,Customer 03584,Female,36,Dhaka,2024-10-31,Mid-age
CUST03585,Customer 03585,Male,27,Sylhet,2024-01-03,Adult
CUST03586,Customer 03586,Male,29,Khulna,2025-01-13,Adult
CUST03587,Customer 03587,Male,21,Rajshahi,2024-09-09,Young
CUST03588,Customer 03588,Female,48,Dhaka,2025-10-02,Senior
CUST03589,Customer 03589,Male,35,Chattogram,2025-12-19,Mid-age
CUST03590,Customer 03590,Female,33,Barishal,2024-05-14,Adult
CUST03591,Customer 03591,Male,57,Chattogram,2025-10-03,Senior
CUST03592,Customer 03592,Male,53,Chattogram,2024-02-15,Senior
CUST03593,Customer 03593,Male,42,Khulna,2025-10-14,Mid-age
CUST03594,Customer 03594,Male,40,Rajshahi,2024-04-08,Mid-age
CUST03595,Customer 03595,Male,29,Chattogram,2024-12-02,Adult
CUST03596,Customer 03596,Male,51,Rangpur,2023-06-12,Senior
CUST03597,Customer 03597,Female,53,Dhaka,2023-03-01,Senior
CUST03598,Customer 03598,Male,54,Mymensingh,2025-11-20,Senior
CUST03599,Customer 03599,Female,20,Dhaka,2023-11-29,Young
CUST03600,Customer 03600,Male,26,Dhaka,2023-03-17,Adult
CUST03601,Customer 03601,Male,35,Rangpur,2023-11-13,Mid-age
CUST03602,Customer 03602,Female,60,Dhaka,2023-07-09,Senior
CUST03603,Customer 03603,Male,52,Khulna,2023-10-23,Senior
CUST03604,Customer 03604,Female,51,Barishal,2024-05-15,Senior
CUST03605,Customer 03605,Female,58,Rangpur,2023-06-26,Senior
CUST03606,Customer 03606,Male,31,Mymensingh,2025-03-10,Adult
CUST03607,Customer 03607,Female,21,Dhaka,2025-03-16,Young
CUST03608,Customer 03608,Female,46,Khulna,2025-05-09,Senior
CUST03609,Customer 03609,Male,58,Dhaka,2023-08-03,Senior
CUST03610,Customer 03610,Female,32,Chattogram,2024-10-14,Adult
CUST03611,Customer 03611,Male,45,Barishal,2024-08-19,Senior
CUST03612,Customer 03612,Male,59,Dhaka,2023-05-08,Senior
CUST03613,Customer 03613,Male,33,Sylhet,2024-07-04,Adult
CUST03614,Customer 03614,Male,29,Chattogram,2024-09-10,Adult
CUST03615,Customer 03615,Female,22,Rajshahi,2023-12-14,Young
CUST03616,Customer 03616,Male,51,Mymensingh,2023-05-22,Senior
CUST03617,Customer 03617,Male,59,Dhaka,2025-03-02,Senior
CUST03618,Customer 03618,Female,18,Sylhet,2023-09-02,Young
CUST03619,Customer 03619,Male,56,Rangpur,2024-12-03,Senior
CUST03620,Customer 03620,Male,49,Chattogram,2023-08-02,Senior
CUST03621,Customer 03621,Female,43,Dhaka,2023-07-19,Mid-age
CUST03622,Customer 03622,Female,34,Sylhet,2024-02-09,Adult
CUST03623,Customer 03623,Female,44,Dhaka,2024-02-25,Mid-age
CUST03624,Customer 03624,Female,41,Dhaka,2023-01-07,Mid-age
CUST03625,Customer 03625,Female,52,Barishal,2024-08-14,Senior
CUST03626,Customer 03626,Female,59,Chattogram,2023-10-13,Senior
CUST03627,Customer 03627,Female,56,Mymensingh,2024-11-01,Senior
CUST03628,Customer 03628,Male,43,Barishal,2024-01-24,Mid-age
CUST03629,Customer 03629,Female,55,Rajshahi,2024-02-20,Senior
CUST03630,Customer 03630,Female,40,Dhaka,2025-02-22,Mid-age
CUST03631,Customer 03631,Female,39,Chattogram,2025-10-03,Mid-age
CUST03632,Customer 03632,Male,21,Dhaka,2025-10-11,Young
CUST03633,Customer 03633,Male,26,Rangpur,2024-03-03,Adult
CUST03634,Customer 03634,Female,21,Dhaka,2025-10-01,Young
CUST03635,Customer 03635,Female,24,Dhaka,2023-11-30,Young
CUST03636,Customer 03636,Female,40,Chattogram,2023-09-29,Mid-age
CUST03637,Customer 03637,Male,19,Dhaka,2025-12-02,Young
CUST03638,Customer 03638,Male,41,Dhaka,2023-11-15,Mid-age
CUST03639,Customer 03639,Female,57,Sylhet,2024-06-10,Senior
CUST03640,Customer 03640,Male,48,Dhaka,2025-01-29,Senior
CUST03641,Customer 03641,Female,48,Dhaka,2023-11-17,Senior
CUST03642,Customer 03642,Male,57,Dhaka,2025-01-08,Senior
CUST03643,Customer 03643,Male,60,Khulna,2025-12-03,Senior
CUST03644,Customer 03644,Female,51,Chattogram,2024-03-29,Senior
CUST03645,Customer 03645,Female,41,Chattogram,2025-01-15,Mid-age
CUST03646,Customer 03646,Female,43,Sylhet,2025-07-17,Mid-age
CUST03647,Customer 03647,Female,33,Dhaka,2025-04-27,Adult
CUST03648,Customer 03648,Male,30,Mymensingh,2025-05-17,Adult
CUST03649,Customer 03649,Male,32,Dhaka,2025-02-12,Adult
CUST03650,Customer 03650,Male,44,Rajshahi,2023-03-24,Mid-age
CUST03651,Customer 03651,Female,21,Rangpur,2024-06-26,Young
CUST03652,Customer 03652,Male,33,Barishal,2023-11-18,Adult
CUST03653,Customer 03653,Female,47,Dhaka,2025-02-24,Senior
CUST03654,Customer 03654,Male,47,Dhaka,2024-06-23,Senior
CUST03655,Customer 03655,Female,53,Khulna,2023-09-09,Senior
CUST03656,Customer 03656,Female,20,Dhaka,2025-04-15,Young
CUST03657,Customer 03657,Male,39,Barishal,2024-03-24,Mid-age
CUST03658,Customer 03658,Female,39,Khulna,2024-05-04,Mid-age
CUST03659,Customer 03659,Female,29,Khulna,2024-04-08,Adult
CUST03660,Customer 03660,Male,38,Dhaka,2023-11-10,Mid-age
CUST03661,Customer 03661,Female,21,Khulna,2024-01-20,Young
CUST03662,Customer 03662,Female,48,Rajshahi,2023-10-22,Senior
CUST03663,Customer 03663,Female,48,Barishal,2025-09-12,Senior
CUST03664,Customer 03664,Male,40,Dhaka,2025-01-31,Mid-age
CUST03665,Customer 03665,Male,37,Dhaka,2025-02-07,Mid-age
CUST03666,Customer 03666,Female,32,Dhaka,2023-12-10,Adult
CUST03667,Customer 03667,Male,40,Dhaka,2023-05-22,Mid-age
CUST03668,Customer 03668,Female,45,Chattogram,2024-12-18,Senior
CUST03669,Customer 03669,Female,33,Rangpur,2024-02-10,Adult
CUST03670,Customer 03670,Female,54,Chattogram,2023-08-16,Senior
CUST03671,Customer 03671,Female,38,Barishal,2024-02-15,Mid-age
CUST03672,Customer 03672,Female,32,Dhaka,2025-08-09,Adult
CUST03673,Customer 03673,Male,34,Dhaka,2025-06-16,Adult
CUST03674,Customer 03674,Female,54,Dhaka,2024-11-21,Senior
CUST03675,Customer 03675,Male,30,Dhaka,2025-05-27,Adult
CUST03676,Customer 03676,Male,36,Rangpur,2025-02-25,Mid-age
CUST03677,Customer 03677,Female,47,Dhaka,2023-03-03,Senior
CUST03678,Customer 03678,Female,35,Sylhet,2025-05-28,Mid-age
CUST03679,Customer 03679,Male,31,Chattogram,2023-12-22,Adult
CUST03680,Customer 03680,Male,53,Mymensingh,2023-03-12,Senior
CUST03681,Customer 03681,Male,53,Dhaka,2023-09-20,Senior
CUST03682,Customer 03682,Female,37,Dhaka,2023-11-02,Mid-age
CUST03683,Customer 03683,Male,36,Dhaka,2024-07-11,Mid-age
CUST03684,Customer 03684,Female,24,Chattogram,2025-01-31,Young
CUST03685,Customer 03685,Female,21,Dhaka,2024-08-10,Young
CUST03686,Customer 03686,Female,51,Rangpur,2023-03-15,Senior
CUST03687,Customer 03687,Male,19,Sylhet,2023-05-22,Young
CUST03688,Customer 03688,Female,22,Sylhet,2023-04-12,Young
CUST03689,Customer 03689,Female,27,Chattogram,2025-12-24,Adult
CUST03690,Customer 03690,Female,49,Dhaka,2023-07-12,Senior
CUST03691,Customer 03691,Female,59,Chattogram,2025-08-10,Senior
CUST03692,Customer 03692,Female,58,Mymensingh,2025-12-21,Senior
CUST03693,Customer 03693,Male,30,Barishal,2024-02-14,Adult
CUST03694,Customer 03694,Female,56,Rangpur,2023-10-27,Senior
CUST03695,Customer 03695,Female,22,Barishal,2024-03-29,Young
CUST03696,Customer 03696,Male,27,Dhaka,2024-07-27,Adult
CUST03697,Customer 03697,Female,27,Dhaka,2024-09-10,Adult
CUST03698,Customer 03698,Male,55,Dhaka,2024-09-28,Senior
CUST03699,Customer 03699,Female,44,Dhaka,2023-10-28,Mid-age
CUST03700,Customer 03700,Male,38,Dhaka,2025-02-17,Mid-age
CUST03701,Customer 03701,Male,25,Chattogram,2025-09-15,Adult
CUST03702,Customer 03702,Female,18,Rajshahi,2023-07-21,Young
CUST03703,Customer 03703,Female,45,Rangpur,2024-11-04,Senior
CUST03704,Customer 03704,Female,56,Khulna,2023-10-29,Senior
CUST03705,Customer 03705,Male,31,Mymensingh,2023-12-03,Adult
CUST03706,Customer 03706,Male,38,Dhaka,2023-02-01,Mid-age
CUST03707,Customer 03707,Male,47,Dhaka,2025-02-11,Senior
CUST03708,Customer 03708,Female,38,Rajshahi,2025-12-07,Mid-age
CUST03709,Customer 03709,Male,26,Dhaka,2024-10-26,Adult
CUST03710,Customer 03710,Male,34,Dhaka,2023-11-24,Adult
CUST03711,Customer 03711,Female,22,Dhaka,2025-03-07,Young
CUST03712,Customer 03712,Male,48,Dhaka,2025-03-24,Senior
CUST03713,Customer 03713,Male,57,Chattogram,2024-10-26,Senior
CUST03714,Customer 03714,Female,55,Chattogram,2025-01-15,Senior
CUST03715,Customer 03715,Male,60,Chattogram,2025-11-12,Senior
CUST03716,Customer 03716,Female,36,Rajshahi,2025-07-18,Mid-age
CUST03717,Customer 03717,Female,53,Chattogram,2025-08-20,Senior
CUST03718,Customer 03718,Female,50,Dhaka,2024-01-08,Senior
CUST03719,Customer 03719,Female,30,Dhaka,2023-10-12,Adult
CUST03720,Customer 03720,Female,31,Dhaka,2024-06-04,Adult
CUST03721,Customer 03721,Male,50,Khulna,2024-11-27,Senior
CUST03722,Customer 03722,Male,46,Khulna,2025-03-17,Senior
CUST03723,Customer 03723,Female,60,Rajshahi,2024-10-08,Senior
CUST03724,Customer 03724,Female,53,Dhaka,2023-05-16,Senior
CUST03725,Customer 03725,Male,27,Sylhet,2023-04-06,Adult
CUST03726,Customer 03726,Female,48,Sylhet,2023-10-01,Senior
CUST03727,Customer 03727,Female,23,Chattogram,2025-05-27,Young
CUST03728,Customer 03728,Female,18,Chattogram,2025-04-29,Young
CUST03729,Customer 03729,Male,24,Chattogram,2025-02-22,Young
CUST03730,Customer 03730,Male,44,Sylhet,2023-05-12,Mid-age
CUST03731,Customer 03731,Female,38,Khulna,2025-12-03,Mid-age
CUST03732,Customer 03732,Female,45,Dhaka,2024-01-08,Senior
CUST03733,Customer 03733,Male,33,Khulna,2025-03-18,Adult
CUST03734,Customer 03734,Male,40,Dhaka,2025-01-13,Mid-age
CUST03735,Customer 03735,Female,37,Dhaka,2023-02-20,Mid-age
CUST03736,Customer 03736,Female,55,Mymensingh,2023-02-25,Senior
CUST03737,Customer 03737,Male,42,Mymensingh,2025-01-13,Mid-age
CUST03738,Customer 03738,Male,45,Dhaka,2024-03-03,Senior
CUST03739,Customer 03739,Male,22,Chattogram,2024-03-18,Young
CUST03740,Customer 03740,Female,38,Dhaka,2023-11-22,Mid-age
CUST03741,Customer 03741,Male,35,Chattogram,2024-10-01,Mid-age
CUST03742,Customer 03742,Female,23,Barishal,2025-04-08,Young
CUST03743,Customer 03743,Male,46,Mymensingh,2023-03-21,Senior
CUST03744,Customer 03744,Male,36,Sylhet,2024-04-18,Mid-age
CUST03745,Customer 03745,Male,50,Dhaka,2024-01-12,Senior
CUST03746,Customer 03746,Male,18,Sylhet,2025-07-07,Young
CUST03747,Customer 03747,Female,20,Dhaka,2023-11-29,Young
CUST03748,Customer 03748,Female,59,Rangpur,2024-03-16,Senior
CUST03749,Customer 03749,Male,38,Rangpur,2023-05-06,Mid-age
CUST03750,Customer 03750,Female,52,Chattogram,2023-08-07,Senior
CUST03751,Customer 03751,Male,58,Dhaka,2025-08-05,Senior
CUST03752,Customer 03752,Male,57,Dhaka,2023-10-05,Senior
CUST03753,Customer 03753,Male,20,Dhaka,2024-08-17,Young
CUST03754,Customer 03754,Male,42,Barishal,2025-07-23,Mid-age
CUST03755,Customer 03755,Female,55,Chattogram,2023-05-21,Senior
CUST03756,Customer 03756,Male,37,Dhaka,2025-04-25,Mid-age
CUST03757,Customer 03757,Male,51,Chattogram,2025-10-04,Senior
CUST03758,Customer 03758,Female,38,Barishal,2025-05-26,Mid-age
CUST03759,Customer 03759,Male,40,Dhaka,2023-04-20,Mid-age
CUST03760,Customer 03760,Male,23,Rangpur,2025-12-11,Young
CUST03761,Customer 03761,Male,30,Rangpur,2024-09-04,Adult
CUST03762,Customer 03762,Female,40,Mymensingh,2024-12-13,Mid-age
CUST03763,Customer 03763,Male,26,Chattogram,2025-03-06,Adult
CUST03764,Customer 03764,Female,34,Dhaka,2024-12-29,Adult
CUST03765,Customer 03765,Male,19,Dhaka,2025-12-05,Young
CUST03766,Customer 03766,Male,36,Dhaka,2024-05-19,Mid-age
CUST03767,Customer 03767,Female,36,Dhaka,2025-11-06,Mid-age
CUST03768,Customer 03768,Male,24,Sylhet,2023-11-11,Young
CUST03769,Customer 03769,Male,59,Chattogram,2023-03-18,Senior
CUST03770,Customer 03770,Female,59,Rangpur,2025-09-04,Senior
CUST03771,Customer 03771,Female,37,Dhaka,2025-06-17,Mid-age
CUST03772,Customer 03772,Female,26,Rajshahi,2025-11-13,Adult
CUST03773,Customer 03773,Female,34,Khulna,2024-12-12,Adult
CUST03774,Customer 03774,Female,44,Khulna,2025-11-24,Mid-age
CUST03775,Customer 03775,Male,19,Rangpur,2025-05-03,Young
CUST03776,Customer 03776,Female,53,Khulna,2024-12-09,Senior
CUST03777,Customer 03777,Male,36,Mymensingh,2023-09-22,Mid-age
CUST03778,Customer 03778,Male,34,Dhaka,2023-11-29,Adult
CUST03779,Customer 03779,Male,22,Chattogram,2023-07-07,Young
CUST03780,Customer 03780,Female,56,Dhaka,2025-12-22,Senior
CUST03781,Customer 03781,Female,35,Dhaka,2025-03-30,Mid-age
CUST03782,Customer 03782,Male,24,Dhaka,2023-10-26,Young
CUST03783,Customer 03783,Female,34,Dhaka,2023-07-20,Adult
CUST03784,Customer 03784,Female,56,Dhaka,2023-09-29,Senior
CUST03785,Customer 03785,Female,53,Dhaka,2024-06-18,Senior
CUST03786,Customer 03786,Female,57,Dhaka,2023-01-31,Senior
CUST03787,Customer 03787,Male,21,Rangpur,2023-03-10,Young
CUST03788,Customer 03788,Male,55,Dhaka,2025-06-01,Senior
CUST03789,Customer 03789,Female,42,Khulna,2025-08-18,Mid-age
CUST03790,Customer 03790,Male,22,Dhaka,2025-04-06,Young
CUST03791,Customer 03791,Female,47,Rangpur,2025-07-12,Senior
CUST03792,Customer 03792,Female,29,Rangpur,2025-09-10,Adult
CUST03793,Customer 03793,Male,21,Rajshahi,2024-04-25,Young
CUST03794,Customer 03794,Male,41,Rajshahi,2023-10-20,Mid-age
CUST03795,Customer 03795,Male,46,Dhaka,2023-03-27,Senior
CUST03796,Customer 03796,Female,26,Mymensingh,2025-11-05,Adult
CUST03797,Customer 03797,Male,21,Rangpur,2024-12-28,Young
CUST03798,Customer 03798,Female,41,Rangpur,2024-09-19,Mid-age
CUST03799,Customer 03799,Male,31,Rajshahi,2023-04-28,Adult
CUST03800,Customer 03800,Male,22,Dhaka,2023-09-27,Young
CUST03801,Customer 03801,Female,35,Rangpur,2025-09-05,Mid-age
CUST03802,Customer 03802,Female,59,Dhaka,2025-05-04,Senior
CUST03803,Customer 03803,Female,36,Sylhet,2023-06-11,Mid-age
CUST03804,Customer 03804,Female,29,Dhaka,2024-11-30,Adult
CUST03805,Customer 03805,Female,35,Mymensingh,2023-06-16,Mid-age
CUST03806,Customer 03806,Female,34,Dhaka,2023-10-27,Adult
CUST03807,Customer 03807,Female,47,Dhaka,2023-01-28,Senior
CUST03808,Customer 03808,Female,41,Chattogram,2024-07-15,Mid-age
CUST03809,Customer 03809,Male,28,Khulna,2025-06-01,Adult
CUST03810,Customer 03810,Female,52,Sylhet,2023-06-05,Senior
CUST03811,Customer 03811,Female,40,Dhaka,2024-10-13,Mid-age
CUST03812,Customer 03812,Male,34,Dhaka,2025-03-31,Adult
CUST03813,Customer 03813,Female,18,Khulna,2024-07-14,Young
CUST03814,Customer 03814,Male,32,Mymensingh,2025-12-21,Adult
CUST03815,Customer 03815,Male,49,Barishal,2023-11-08,Senior
CUST03816,Customer 03816,Female,26,Chattogram,2024-01-11,Adult
CUST03817,Customer 03817,Male,32,Rangpur,2023-05-30,Adult
CUST03818,Customer 03818,Female,45,Chattogram,2024-08-07,Senior
CUST03819,Customer 03819,Male,41,Chattogram,2024-08-03,Mid-age
CUST03820,Customer 03820,Male,52,Chattogram,2025-09-03,Senior
CUST03821,Customer 03821,Male,39,Chattogram,2023-06-26,Mid-age
CUST03822,Customer 03822,Female,44,Khulna,2023-12-20,Mid-age
CUST03823,Customer 03823,Female,36,Chattogram,2024-05-28,Mid-age
CUST03824,Customer 03824,Male,29,Dhaka,2023-11-05,Adult
CUST03825,Customer 03825,Male,37,Dhaka,2023-04-29,Mid-age
CUST03826,Customer 03826,Female,18,Dhaka,2025-02-05,Young
CUST03827,Customer 03827,Female,38,Sylhet,2025-09-22,Mid-age
CUST03828,Customer 03828,Male,18,Dhaka,2025-08-30,Young
CUST03829,Customer 03829,Male,27,Dhaka,2025-07-04,Adult
CUST03830,Customer 03830,Female,49,Rajshahi,2024-04-22,Senior
CUST03831,Customer 03831,Female,56,Rajshahi,2024-08-09,Senior
CUST03832,Customer 03832,Female,39,Khulna,2023-12-17,Mid-age
CUST03833,Customer 03833,Female,35,Chattogram,2023-07-14,Mid-age
CUST03834,Customer 03834,Female,49,Rangpur,2024-05-10,Senior
CUST03835,Customer 03835,Male,44,Mymensingh,2024-05-29,Mid-age
CUST03836,Customer 03836,Female,45,Barishal,2024-11-26,Senior
CUST03837,Customer 03837,Male,35,Sylhet,2023-09-30,Mid-age
CUST03838,Customer 03838,Female,56,Dhaka,2025-05-29,Senior
CUST03839,Customer 03839,Male,46,Mymensingh,2023-02-21,Senior
CUST03840,Customer 03840,Female,35,Dhaka,2023-09-20,Mid-age
CUST03841,Customer 03841,Female,25,Dhaka,2023-05-13,Adult
CUST03842,Customer 03842,Male,48,Chattogram,2025-09-20,Senior
CUST03843,Customer 03843,Male,51,Dhaka,2023-11-06,Senior
CUST03844,Customer 03844,Female,24,Mymensingh,2023-01-16,Young
CUST03845,Customer 03845,Female,53,Sylhet,2023-07-14,Senior
CUST03846,Customer 03846,Female,35,Chattogram,2023-10-30,Mid-age
CUST03847,Customer 03847,Female,55,Rajshahi,2025-12-07,Senior
CUST03848,Customer 03848,Female,26,Chattogram,2025-04-11,Adult
CUST03849,Customer 03849,Male,26,Dhaka,2024-07-15,Adult
CUST03850,Customer 03850,Male,25,Sylhet,2023-02-10,Adult
CUST03851,Customer 03851,Female,52,Khulna,2024-06-17,Senior
CUST03852,Customer 03852,Male,35,Chattogram,2024-01-06,Mid-age
CUST03853,Customer 03853,Male,22,Khulna,2024-05-31,Young
CUST03854,Customer 03854,Male,31,Dhaka,2024-10-18,Adult
CUST03855,Customer 03855,Female,45,Dhaka,2024-08-12,Senior
CUST03856,Customer 03856,Male,47,Dhaka,2023-08-19,Senior
CUST03857,Customer 03857,Female,21,Dhaka,2025-03-19,Young
CUST03858,Customer 03858,Male,56,Barishal,2024-04-23,Senior
CUST03859,Customer 03859,Female,37,Barishal,2024-11-05,Mid-age
CUST03860,Customer 03860,Male,42,Chattogram,2023-10-05,Mid-age
CUST03861,Customer 03861,Female,45,Sylhet,2023-02-22,Senior
CUST03862,Customer 03862,Female,29,Khulna,2025-10-30,Adult
CUST03863,Customer 03863,Male,19,Dhaka,2025-01-17,Young
CUST03864,Customer 03864,Female,60,Dhaka,2024-04-08,Senior
CUST03865,Customer 03865,Female,31,Mymensingh,2025-01-23,Adult
CUST03866,Customer 03866,Female,39,Sylhet,2024-08-05,Mid-age
CUST03867,Customer 03867,Female,48,Mymensingh,2023-06-07,Senior
CUST03868,Customer 03868,Female,40,Dhaka,2023-01-19,Mid-age
CUST03869,Customer 03869,Female,37,Rajshahi,2023-02-24,Mid-age
CUST03870,Customer 03870,Female,55,Dhaka,2024-12-21,Senior
CUST03871,Customer 03871,Female,21,Dhaka,2025-11-10,Young
CUST03872,Customer 03872,Male,32,Chattogram,2025-01-30,Adult
CUST03873,Customer 03873,Male,41,Dhaka,2025-10-15,Mid-age
CUST03874,Customer 03874,Female,42,Dhaka,2025-03-18,Mid-age
CUST03875,Customer 03875,Female,18,Dhaka,2024-12-23,Young
CUST03876,Customer 03876,Male,24,Dhaka,2023-10-12,Young
CUST03877,Customer 03877,Male,48,Rajshahi,2024-05-25,Senior
CUST03878,Customer 03878,Male,29,Chattogram,2025-10-18,Adult
CUST03879,Customer 03879,Female,59,Dhaka,2023-04-30,Senior
CUST03880,Customer 03880,Male,22,Dhaka,2023-04-07,Young
CUST03881,Customer 03881,Female,59,Dhaka,2023-04-30,Senior
CUST03882,Customer 03882,Female,55,Sylhet,2024-01-28,Senior
CUST03883,Customer 03883,Male,29,Dhaka,2025-03-04,Adult
CUST03884,Customer 03884,Female,56,Khulna,2023-08-08,Senior
CUST03885,Customer 03885,Female,35,Dhaka,2025-04-18,Mid-age
CUST03886,Customer 03886,Female,19,Dhaka,2023-06-09,Young
CUST03887,Customer 03887,Female,27,Rangpur,2024-09-02,Adult
CUST03888,Customer 03888,Male,32,Khulna,2024-09-30,Adult
CUST03889,Customer 03889,Male,47,Dhaka,2025-11-21,Senior
CUST03890,Customer 03890,Female,34,Barishal,2025-02-15,Adult
CUST03891,Customer 03891,Female,21,Chattogram,2023-11-30,Young
CUST03892,Customer 03892,Male,24,Barishal,2025-06-10,Young
CUST03893,Customer 03893,Female,58,Sylhet,2025-07-28,Senior
CUST03894,Customer 03894,Male,48,Rajshahi,2023-12-18,Senior
CUST03895,Customer 03895,Female,56,Mymensingh,2025-07-14,Senior
CUST03896,Customer 03896,Female,51,Dhaka,2024-01-31,Senior
CUST03897,Customer 03897,Male,23,Sylhet,2024-06-13,Young
CUST03898,Customer 03898,Male,55,Chattogram,2023-12-24,Senior
CUST03899,Customer 03899,Male,51,Dhaka,2025-04-07,Senior
CUST03900,Customer 03900,Male,32,Dhaka,2023-03-01,Adult
CUST03901,Customer 03901,Female,31,Dhaka,2024-04-21,Adult
CUST03902,Customer 03902,Male,23,Rajshahi,2024-09-03,Young
CUST03903,Customer 03903,Female,54,Sylhet,2023-01-01,Senior
CUST03904,Customer 03904,Male,49,Chattogram,2023-11-07,Senior
CUST03905,Customer 03905,Male,20,Dhaka,2023-06-17,Young
CUST03906,Customer 03906,Female,20,Chattogram,2023-07-11,Young
CUST03907,Customer 03907,Male,39,Mymensingh,2025-11-23,Mid-age
CUST03908,Customer 03908,Male,39,Chattogram,2025-11-23,Mid-age
CUST03909,Customer 03909,Male,27,Sylhet,2024-12-08,Adult
CUST03910,Customer 03910,Male,20,Khulna,2024-01-01,Young
CUST03911,Customer 03911,Female,29,Khulna,2025-05-07,Adult
CUST03912,Customer 03912,Female,46,Chattogram,2023-11-23,Senior
CUST03913,Customer 03913,Male,34,Rangpur,2023-04-24,Adult
CUST03914,Customer 03914,Male,24,Chattogram,2025-03-07,Young
CUST03915,Customer 03915,Male,30,Rangpur,2025-07-07,Adult
CUST03916,Customer 03916,Female,19,Dhaka,2024-08-31,Young
CUST03917,Customer 03917,Female,21,Dhaka,2023-11-05,Young
CUST03918,Customer 03918,Female,27,Dhaka,2024-02-05,Adult
CUST03919,Customer 03919,Female,56,Barishal,2023-07-31,Senior
CUST03920,Customer 03920,Male,41,Chattogram,2023-11-13,Mid-age
CUST03921,Customer 03921,Male,34,Dhaka,2023-07-04,Adult
CUST03922,Customer 03922,Male,23,Dhaka,2023-09-03,Young
CUST03923,Customer 03923,Female,36,Rangpur,2023-08-27,Mid-age
CUST03924,Customer 03924,Male,22,Barishal,2024-06-03,Young
CUST03925,Customer 03925,Female,49,Chattogram,2023-10-04,Senior
CUST03926,Customer 03926,Female,27,Sylhet,2025-10-02,Adult
CUST03927,Customer 03927,Male,26,Chattogram,2023-07-21,Adult
CUST03928,Customer 03928,Male,44,Chattogram,2023-08-02,Mid-age
CUST03929,Customer 03929,Male,30,Rangpur,2024-08-28,Adult
CUST03930,Customer 03930,Female,36,Dhaka,2024-04-22,Mid-age
CUST03931,Customer 03931,Female,38,Chattogram,2024-05-22,Mid-age
CUST03932,Customer 03932,Male,41,Dhaka,2024-10-30,Mid-age
CUST03933,Customer 03933,Male,55,Chattogram,2024-10-26,Senior
CUST03934,Customer 03934,Female,21,Chattogram,2023-05-22,Young
CUST03935,Customer 03935,Male,41,Chattogram,2023-11-18,Mid-age
CUST03936,Customer 03936,Female,52,Dhaka,2024-04-05,Senior
CUST03937,Customer 03937,Female,20,Chattogram,2024-12-07,Young
CUST03938,Customer 03938,Male,21,Dhaka,2024-10-31,Young
CUST03939,Customer 03939,Male,54,Dhaka,2023-02-23,Senior
CUST03940,Customer 03940,Male,57,Dhaka,2023-10-04,Senior
CUST03941,Customer 03941,Male,52,Khulna,2024-02-04,Senior
CUST03942,Customer 03942,Female,48,Chattogram,2024-10-29,Senior
CUST03943,Customer 03943,Female,42,Sylhet,2024-05-30,Mid-age
CUST03944,Customer 03944,Female,57,Khulna,2024-07-29,Senior
CUST03945,Customer 03945,Male,30,Rajshahi,2023-04-22,Adult
CUST03946,Customer 03946,Female,21,Chattogram,2023-08-27,Young
CUST03947,Customer 03947,Male,31,Chattogram,2025-11-09,Adult
CUST03948,Customer 03948,Male,30,Dhaka,2023-07-16,Adult
CUST03949,Customer 03949,Male,44,Rajshahi,2024-01-17,Mid-age
CUST03950,Customer 03950,Male,23,Chattogram,2023-06-13,Young
CUST03951,Customer 03951,Male,34,Barishal,2024-08-28,Adult
CUST03952,Customer 03952,Male,53,Rangpur,2025-12-27,Senior
CUST03953,Customer 03953,Female,57,Dhaka,2025-05-04,Senior
CUST03954,Customer 03954,Male,52,Dhaka,2025-11-10,Senior
CUST03955,Customer 03955,Female,34,Sylhet,2025-04-10,Adult
CUST03956,Customer 03956,Female,58,Dhaka,2024-08-19,Senior
CUST03957,Customer 03957,Male,19,Dhaka,2024-06-19,Young
CUST03958,Customer 03958,Male,30,Rangpur,2023-04-21,Adult
CUST03959,Customer 03959,Male,19,Dhaka,2025-08-06,Young
CUST03960,Customer 03960,Female,45,Mymensingh,2025-05-12,Senior
CUST03961,Customer 03961,Male,60,Khulna,2024-08-17,Senior
CUST03962,Customer 03962,Female,43,Khulna,2025-10-18,Mid-age
CUST03963,Customer 03963,Male,39,Dhaka,2024-04-04,Mid-age
CUST03964,Customer 03964,Male,60,Dhaka,2024-03-09,Senior
CUST03965,Customer 03965,Female,20,Chattogram,2025-06-06,Young
CUST03966,Customer 03966,Female,52,Dhaka,2025-02-21,Senior
CUST03967,Customer 03967,Male,29,Dhaka,2025-09-14,Adult
CUST03968,Customer 03968,Female,41,Dhaka,2023-06-18,Mid-age
CUST03969,Customer 03969,Female,22,Dhaka,2024-12-09,Young
CUST03970,Customer 03970,Female,37,Dhaka,2025-08-22,Mid-age
CUST03971,Customer 03971,Female,56,Khulna,2024-12-27,Senior
CUST03972,Customer 03972,Female,56,Dhaka,2023-08-17,Senior
CUST03973,Customer 03973,Male,30,Dhaka,2024-03-02,Adult
CUST03974,Customer 03974,Male,58,Sylhet,2023-05-02,Senior
CUST03975,Customer 03975,Female,29,Mymensingh,2023-05-29,Adult
CUST03976,Customer 03976,Male,30,Dhaka,2025-05-01,Adult
CUST03977,Customer 03977,Male,27,Dhaka,2024-12-05,Adult
CUST03978,Customer 03978,Female,50,Sylhet,2023-04-21,Senior
CUST03979,Customer 03979,Male,57,Rangpur,2023-03-05,Senior
CUST03980,Customer 03980,Female,33,Khulna,2024-09-29,Adult
CUST03981,Customer 03981,Female,52,Sylhet,2025-06-27,Senior
CUST03982,Customer 03982,Male,20,Dhaka,2023-01-13,Young
CUST03983,Customer 03983,Female,22,Chattogram,2025-07-22,Young
CUST03984,Customer 03984,Female,43,Dhaka,2023-08-27,Mid-age
CUST03985,Customer 03985,Female,28,Rajshahi,2024-10-24,Adult
CUST03986,Customer 03986,Female,24,Khulna,2025-11-10,Young
CUST03987,Customer 03987,Female,27,Mymensingh,2024-11-24,Adult
CUST03988,Customer 03988,Male,59,Dhaka,2025-08-28,Senior
CUST03989,Customer 03989,Male,51,Dhaka,2025-08-21,Senior
CUST03990,Customer 03990,Female,20,Chattogram,2023-03-17,Young
CUST03991,Customer 03991,Female,25,Rajshahi,2023-11-25,Adult
CUST03992,Customer 03992,Male,48,Barishal,2023-06-01,Senior
CUST03993,Customer 03993,Female,28,Dhaka,2023-03-13,Adult
CUST03994,Customer 03994,Male,24,Dhaka,2023-08-13,Young
CUST03995,Customer 03995,Female,19,Chattogram,2024-04-17,Young
CUST03996,Customer 03996,Female,23,Dhaka,2023-12-26,Young
CUST03997,Customer 03997,Female,58,Rangpur,2024-06-23,Senior
CUST03998,Customer 03998,Female,49,Chattogram,2025-03-21,Senior
CUST03999,Customer 03999,Female,37,Barishal,2024-08-31,Mid-age
CUST04000,Customer 04000,Female,51,Sylhet,2025-12-05,Senior
CUST04001,Customer 04001,Female,33,Khulna,2023-01-01,Adult
CUST04002,Customer 04002,Male,42,Dhaka,2024-11-08,Mid-age
CUST04003,Customer 04003,Male,29,Barishal,2023-10-18,Adult
CUST04004,Customer 04004,Male,24,Dhaka,2023-07-23,Young
CUST04005,Customer 04005,Female,56,Chattogram,2024-07-19,Senior
CUST04006,Customer 04006,Female,34,Dhaka,2024-04-26,Adult
CUST04007,Customer 04007,Female,28,Chattogram,2024-05-25,Adult
CUST04008,Customer 04008,Female,23,Dhaka,2025-07-12,Young
CUST04009,Customer 04009,Female,40,Dhaka,2023-10-05,Mid-age
CUST04010,Customer 04010,Female,44,Mymensingh,2025-10-01,Mid-age
CUST04011,Customer 04011,Female,23,Dhaka,2023-01-16,Young
CUST04012,Customer 04012,Male,55,Khulna,2023-12-22,Senior
CUST04013,Customer 04013,Female,19,Mymensingh,2023-12-22,Young
CUST04014,Customer 04014,Male,39,Dhaka,2025-04-09,Mid-age
CUST04015,Customer 04015,Male,37,Rajshahi,2024-08-21,Mid-age
CUST04016,Customer 04016,Female,42,Dhaka,2025-07-16,Mid-age
CUST04017,Customer 04017,Female,32,Dhaka,2025-12-26,Adult
CUST04018,Customer 04018,Male,46,Chattogram,2025-05-08,Senior
CUST04019,Customer 04019,Male,25,Mymensingh,2023-08-02,Adult
CUST04020,Customer 04020,Female,54,Dhaka,2024-03-24,Senior
CUST04021,Customer 04021,Female,50,Sylhet,2025-08-22,Senior
CUST04022,Customer 04022,Male,39,Chattogram,2025-02-25,Mid-age
CUST04023,Customer 04023,Female,22,Rangpur,2024-05-13,Young
CUST04024,Customer 04024,Female,56,Dhaka,2024-12-10,Senior
CUST04025,Customer 04025,Female,35,Rajshahi,2024-01-15,Mid-age
CUST04026,Customer 04026,Male,55,Rajshahi,2025-01-09,Senior
CUST04027,Customer 04027,Male,54,Rajshahi,2024-09-23,Senior
CUST04028,Customer 04028,Male,47,Mymensingh,2025-11-13,Senior
CUST04029,Customer 04029,Female,48,Barishal,2024-06-22,Senior
CUST04030,Customer 04030,Female,27,Dhaka,2025-08-02,Adult
CUST04031,Customer 04031,Male,32,Chattogram,2025-01-22,Adult
CUST04032,Customer 04032,Male,59,Chattogram,2024-06-18,Senior
CUST04033,Customer 04033,Male,35,Dhaka,2024-11-03,Mid-age
CUST04034,Customer 04034,Female,40,Chattogram,2025-11-30,Mid-age
CUST04035,Customer 04035,Male,50,Chattogram,2024-07-21,Senior
CUST04036,Customer 04036,Male,33,Chattogram,2024-02-19,Adult
CUST04037,Customer 04037,Female,55,Mymensingh,2024-03-24,Senior
CUST04038,Customer 04038,Female,52,Dhaka,2024-09-01,Senior
CUST04039,Customer 04039,Female,51,Mymensingh,2024-10-19,Senior
CUST04040,Customer 04040,Male,45,Chattogram,2024-03-11,Senior
CUST04041,Customer 04041,Female,19,Sylhet,2024-12-05,Young
CUST04042,Customer 04042,Female,47,Barishal,2023-08-27,Senior
CUST04043,Customer 04043,Male,30,Dhaka,2025-12-01,Adult
CUST04044,Customer 04044,Female,58,Chattogram,2025-01-03,Senior
CUST04045,Customer 04045,Male,33,Chattogram,2025-03-10,Adult
CUST04046,Customer 04046,Male,22,Dhaka,2023-01-10,Young
CUST04047,Customer 04047,Female,45,Mymensingh,2025-01-16,Senior
CUST04048,Customer 04048,Female,56,Barishal,2023-05-19,Senior
CUST04049,Customer 04049,Female,37,Dhaka,2024-12-31,Mid-age
CUST04050,Customer 04050,Female,41,Dhaka,2023-07-15,Mid-age
CUST04051,Customer 04051,Female,44,Chattogram,2023-09-21,Mid-age
CUST04052,Customer 04052,Female,47,Dhaka,2025-08-02,Senior
CUST04053,Customer 04053,Male,44,Sylhet,2025-07-08,Mid-age
CUST04054,Customer 04054,Male,43,Dhaka,2023-06-10,Mid-age
CUST04055,Customer 04055,Female,24,Chattogram,2024-05-05,Young
CUST04056,Customer 04056,Male,59,Dhaka,2025-02-08,Senior
CUST04057,Customer 04057,Female,55,Dhaka,2023-11-07,Senior
CUST04058,Customer 04058,Male,22,Rajshahi,2023-08-15,Young
CUST04059,Customer 04059,Male,40,Chattogram,2023-09-30,Mid-age
CUST04060,Customer 04060,Male,45,Mymensingh,2025-07-26,Senior
CUST04061,Customer 04061,Female,51,Rangpur,2023-11-13,Senior
CUST04062,Customer 04062,Male,32,Dhaka,2023-10-18,Adult
CUST04063,Customer 04063,Female,49,Dhaka,2024-12-29,Senior
CUST04064,Customer 04064,Male,43,Barishal,2024-01-10,Mid-age
CUST04065,Customer 04065,Male,48,Rangpur,2024-07-20,Senior
CUST04066,Customer 04066,Male,36,Barishal,2025-05-17,Mid-age
CUST04067,Customer 04067,Male,26,Dhaka,2025-01-24,Adult
CUST04068,Customer 04068,Male,46,Mymensingh,2023-09-09,Senior
CUST04069,Customer 04069,Female,56,Dhaka,2023-11-03,Senior
CUST04070,Customer 04070,Female,21,Khulna,2024-11-05,Young
CUST04071,Customer 04071,Male,20,Rangpur,2025-05-17,Young
CUST04072,Customer 04072,Male,46,Dhaka,2023-09-21,Senior
CUST04073,Customer 04073,Male,28,Rangpur,2023-03-09,Adult
CUST04074,Customer 04074,Male,50,Dhaka,2024-05-28,Senior
CUST04075,Customer 04075,Female,55,Mymensingh,2025-02-07,Senior
CUST04076,Customer 04076,Male,28,Dhaka,2024-03-17,Adult
CUST04077,Customer 04077,Female,44,Mymensingh,2023-01-01,Mid-age
CUST04078,Customer 04078,Male,50,Dhaka,2023-12-24,Senior
CUST04079,Customer 04079,Female,38,Rajshahi,2025-06-21,Mid-age
CUST04080,Customer 04080,Male,56,Chattogram,2023-10-01,Senior
CUST04081,Customer 04081,Male,48,Chattogram,2025-05-05,Senior
CUST04082,Customer 04082,Female,55,Dhaka,2025-10-14,Senior
CUST04083,Customer 04083,Male,19,Rajshahi,2023-06-22,Young
CUST04084,Customer 04084,Male,44,Dhaka,2024-08-07,Mid-age
CUST04085,Customer 04085,Male,53,Chattogram,2025-07-17,Senior
CUST04086,Customer 04086,Female,28,Dhaka,2024-04-25,Adult
CUST04087,Customer 04087,Male,35,Mymensingh,2024-03-30,Mid-age
CUST04088,Customer 04088,Male,18,Dhaka,2023-07-15,Young
CUST04089,Customer 04089,Female,52,Dhaka,2025-03-06,Senior
CUST04090,Customer 04090,Female,52,Dhaka,2024-08-21,Senior
CUST04091,Customer 04091,Female,48,Chattogram,2024-07-09,Senior
CUST04092,Customer 04092,Male,45,Dhaka,2025-04-27,Senior
CUST04093,Customer 04093,Male,56,Chattogram,2024-03-14,Senior
CUST04094,Customer 04094,Male,18,Rangpur,2024-10-11,Young
CUST04095,Customer 04095,Female,42,Khulna,2023-12-25,Mid-age
CUST04096,Customer 04096,Male,60,Sylhet,2025-11-25,Senior
CUST04097,Customer 04097,Male,55,Dhaka,2025-11-23,Senior
CUST04098,Customer 04098,Female,37,Rajshahi,2024-10-19,Mid-age
CUST04099,Customer 04099,Female,20,Dhaka,2023-01-16,Young
CUST04100,Customer 04100,Female,19,Khulna,2025-01-14,Young
CUST04101,Customer 04101,Female,35,Dhaka,2024-02-25,Mid-age
CUST04102,Customer 04102,Female,27,Chattogram,2024-07-06,Adult
CUST04103,Customer 04103,Male,22,Dhaka,2025-02-05,Young
CUST04104,Customer 04104,Female,26,Rangpur,2025-03-03,Adult
CUST04105,Customer 04105,Male,19,Dhaka,2025-10-28,Young
CUST04106,Customer 04106,Male,51,Sylhet,2025-05-29,Senior
CUST04107,Customer 04107,Female,55,Dhaka,2025-05-01,Senior
CUST04108,Customer 04108,Female,48,Rajshahi,2024-05-24,Senior
CUST04109,Customer 04109,Female,27,Rangpur,2025-08-23,Adult
CUST04110,Customer 04110,Male,29,Chattogram,2025-07-02,Adult
CUST04111,Customer 04111,Female,53,Chattogram,2023-01-18,Senior
CUST04112,Customer 04112,Female,38,Mymensingh,2023-02-25,Mid-age
CUST04113,Customer 04113,Female,23,Chattogram,2025-07-07,Young
CUST04114,Customer 04114,Female,20,Chattogram,2025-11-24,Young
CUST04115,Customer 04115,Female,27,Sylhet,2025-06-20,Adult
CUST04116,Customer 04116,Male,22,Rajshahi,2024-09-21,Young
CUST04117,Customer 04117,Male,43,Dhaka,2025-03-04,Mid-age
CUST04118,Customer 04118,Male,38,Barishal,2023-12-13,Mid-age
CUST04119,Customer 04119,Female,43,Chattogram,2025-11-21,Mid-age
CUST04120,Customer 04120,Female,55,Dhaka,2025-06-26,Senior
CUST04121,Customer 04121,Female,43,Khulna,2025-10-20,Mid-age
CUST04122,Customer 04122,Male,25,Dhaka,2024-07-29,Adult
CUST04123,Customer 04123,Female,22,Dhaka,2023-07-18,Young
CUST04124,Customer 04124,Female,32,Sylhet,2023-10-28,Adult
CUST04125,Customer 04125,Female,33,Rangpur,2025-10-13,Adult
CUST04126,Customer 04126,Male,18,Rangpur,2023-01-26,Young
CUST04127,Customer 04127,Female,33,Mymensingh,2024-03-25,Adult
CUST04128,Customer 04128,Male,54,Rangpur,2023-11-16,Senior
CUST04129,Customer 04129,Female,20,Dhaka,2023-06-05,Young
CUST04130,Customer 04130,Male,48,Chattogram,2024-04-15,Senior
CUST04131,Customer 04131,Male,30,Barishal,2024-02-24,Adult
CUST04132,Customer 04132,Male,33,Dhaka,2024-10-12,Adult
CUST04133,Customer 04133,Female,60,Sylhet,2025-06-04,Senior
CUST04134,Customer 04134,Female,38,Sylhet,2025-07-18,Mid-age
CUST04135,Customer 04135,Male,19,Dhaka,2025-04-14,Young
CUST04136,Customer 04136,Male,44,Rangpur,2025-05-25,Mid-age
CUST04137,Customer 04137,Female,55,Chattogram,2025-07-30,Senior
CUST04138,Customer 04138,Female,43,Chattogram,2025-09-20,Mid-age
CUST04139,Customer 04139,Male,55,Mymensingh,2024-07-25,Senior
CUST04140,Customer 04140,Female,42,Chattogram,2023-02-23,Mid-age
CUST04141,Customer 04141,Female,28,Dhaka,2024-08-27,Adult
CUST04142,Customer 04142,Female,25,Chattogram,2023-11-21,Adult
CUST04143,Customer 04143,Female,25,Barishal,2025-08-27,Adult
CUST04144,Customer 04144,Male,50,Khulna,2025-06-03,Senior
CUST04145,Customer 04145,Female,24,Khulna,2023-09-22,Young
CUST04146,Customer 04146,Female,55,Rajshahi,2024-01-17,Senior
CUST04147,Customer 04147,Male,38,Dhaka,2023-11-29,Mid-age
CUST04148,Customer 04148,Male,25,Rangpur,2025-10-30,Adult
CUST04149,Customer 04149,Female,38,Rangpur,2023-07-22,Mid-age
CUST04150,Customer 04150,Female,37,Dhaka,2023-02-27,Mid-age
CUST04151,Customer 04151,Female,25,Dhaka,2024-06-30,Adult
CUST04152,Customer 04152,Female,48,Mymensingh,2025-05-20,Senior
CUST04153,Customer 04153,Male,46,Rangpur,2023-04-13,Senior
CUST04154,Customer 04154,Male,26,Rangpur,2025-05-14,Adult
CUST04155,Customer 04155,Male,32,Rangpur,2024-02-02,Adult
CUST04156,Customer 04156,Female,47,Chattogram,2024-01-27,Senior
CUST04157,Customer 04157,Female,43,Rajshahi,2023-04-16,Mid-age
CUST04158,Customer 04158,Female,27,Chattogram,2025-12-13,Adult
CUST04159,Customer 04159,Female,46,Dhaka,2023-04-21,Senior
CUST04160,Customer 04160,Male,33,Khulna,2023-08-12,Adult
CUST04161,Customer 04161,Male,53,Chattogram,2023-03-16,Senior
CUST04162,Customer 04162,Female,37,Rajshahi,2024-05-20,Mid-age
CUST04163,Customer 04163,Male,54,Chattogram,2025-11-03,Senior
CUST04164,Customer 04164,Female,39,Chattogram,2025-02-08,Mid-age
CUST04165,Customer 04165,Female,24,Dhaka,2024-04-26,Young
CUST04166,Customer 04166,Male,40,Dhaka,2023-12-30,Mid-age
CUST04167,Customer 04167,Female,58,Dhaka,2023-08-27,Senior
CUST04168,Customer 04168,Female,57,Dhaka,2025-04-25,Senior
CUST04169,Customer 04169,Male,46,Mymensingh,2025-09-11,Senior
CUST04170,Customer 04170,Female,33,Dhaka,2024-01-27,Adult
CUST04171,Customer 04171,Female,55,Dhaka,2025-11-06,Senior
CUST04172,Customer 04172,Male,45,Sylhet,2025-08-22,Senior
CUST04173,Customer 04173,Female,55,Sylhet,2023-01-12,Senior
CUST04174,Customer 04174,Male,48,Dhaka,2023-05-26,Senior
CUST04175,Customer 04175,Female,31,Barishal,2023-06-18,Adult
CUST04176,Customer 04176,Male,50,Khulna,2025-04-26,Senior
CUST04177,Customer 04177,Male,26,Dhaka,2023-06-19,Adult
CUST04178,Customer 04178,Male,44,Dhaka,2025-02-03,Mid-age
CUST04179,Customer 04179,Female,41,Mymensingh,2024-05-13,Mid-age
CUST04180,Customer 04180,Male,30,Barishal,2025-06-15,Adult
CUST04181,Customer 04181,Male,43,Rajshahi,2025-12-12,Mid-age
CUST04182,Customer 04182,Male,46,Dhaka,2023-04-28,Senior
CUST04183,Customer 04183,Male,60,Chattogram,2023-12-31,Senior
CUST04184,Customer 04184,Male,45,Chattogram,2023-05-16,Senior
CUST04185,Customer 04185,Female,45,Dhaka,2024-07-10,Senior
CUST04186,Customer 04186,Female,25,Chattogram,2023-01-18,Adult
CUST04187,Customer 04187,Female,40,Sylhet,2024-02-07,Mid-age
CUST04188,Customer 04188,Female,46,Dhaka,2023-07-24,Senior
CUST04189,Customer 04189,Female,22,Khulna,2024-05-13,Young
CUST04190,Customer 04190,Female,59,Barishal,2023-11-20,Senior
CUST04191,Customer 04191,Female,24,Dhaka,2024-08-17,Young
CUST04192,Customer 04192,Male,59,Barishal,2024-07-15,Senior
CUST04193,Customer 04193,Female,53,Dhaka,2024-04-23,Senior
CUST04194,Customer 04194,Male,58,Barishal,2023-06-13,Senior
CUST04195,Customer 04195,Male,44,Dhaka,2023-11-20,Mid-age
CUST04196,Customer 04196,Female,19,Dhaka,2024-07-04,Young
CUST04197,Customer 04197,Male,42,Rajshahi,2025-04-10,Mid-age
CUST04198,Customer 04198,Male,26,Chattogram,2024-10-01,Adult
CUST04199,Customer 04199,Male,44,Rangpur,2024-09-25,Mid-age
CUST04200,Customer 04200,Male,18,Dhaka,2025-01-28,Young
CUST04201,Customer 04201,Female,40,Dhaka,2023-07-27,Mid-age
CUST04202,Customer 04202,Female,27,Chattogram,2023-11-11,Adult
CUST04203,Customer 04203,Female,59,Chattogram,2023-10-31,Senior
CUST04204,Customer 04204,Female,42,Dhaka,2025-06-19,Mid-age
CUST04205,Customer 04205,Female,20,Rajshahi,2023-08-27,Young
CUST04206,Customer 04206,Female,23,Khulna,2025-03-14,Young
CUST04207,Customer 04207,Female,23,Rangpur,2023-10-02,Young
CUST04208,Customer 04208,Female,19,Mymensingh,2025-08-11,Young
CUST04209,Customer 04209,Female,35,Dhaka,2025-12-25,Mid-age
CUST04210,Customer 04210,Female,40,Khulna,2023-09-12,Mid-age
CUST04211,Customer 04211,Male,19,Chattogram,2023-05-05,Young
CUST04212,Customer 04212,Female,29,Rajshahi,2024-09-06,Adult
CUST04213,Customer 04213,Male,39,Chattogram,2024-01-20,Mid-age
CUST04214,Customer 04214,Male,54,Mymensingh,2024-03-22,Senior
CUST04215,Customer 04215,Male,37,Khulna,2024-01-22,Mid-age
CUST04216,Customer 04216,Male,56,Mymensingh,2024-01-18,Senior
CUST04217,Customer 04217,Female,41,Barishal,2023-05-04,Mid-age
CUST04218,Customer 04218,Male,37,Rangpur,2024-12-28,Mid-age
CUST04219,Customer 04219,Female,18,Barishal,2025-06-14,Young
CUST04220,Customer 04220,Female,18,Chattogram,2023-11-24,Young
CUST04221,Customer 04221,Male,34,Dhaka,2024-11-24,Adult
CUST04222,Customer 04222,Female,18,Dhaka,2025-12-27,Young
CUST04223,Customer 04223,Male,47,Dhaka,2023-12-25,Senior
CUST04224,Customer 04224,Male,58,Chattogram,2025-09-29,Senior
CUST04225,Customer 04225,Female,20,Chattogram,2025-03-07,Young
CUST04226,Customer 04226,Female,28,Chattogram,2024-03-18,Adult
CUST04227,Customer 04227,Male,41,Mymensingh,2023-06-13,Mid-age
CUST04228,Customer 04228,Female,39,Rangpur,2025-08-30,Mid-age
CUST04229,Customer 04229,Female,43,Dhaka,2023-12-27,Mid-age
CUST04230,Customer 04230,Female,30,Dhaka,2024-08-07,Adult
CUST04231,Customer 04231,Male,18,Chattogram,2025-05-02,Young
CUST04232,Customer 04232,Male,41,Dhaka,2025-10-07,Mid-age
CUST04233,Customer 04233,Female,27,Barishal,2025-10-20,Adult
CUST04234,Customer 04234,Female,52,Chattogram,2023-08-29,Senior
CUST04235,Customer 04235,Female,41,Sylhet,2024-10-27,Mid-age
CUST04236,Customer 04236,Female,45,Rangpur,2024-07-18,Senior
CUST04237,Customer 04237,Female,53,Barishal,2025-04-11,Senior
CUST04238,Customer 04238,Male,33,Dhaka,2025-09-02,Adult
CUST04239,Customer 04239,Female,57,Khulna,2023-01-31,Senior
CUST04240,Customer 04240,Male,33,Chattogram,2023-08-11,Adult
CUST04241,Customer 04241,Female,34,Dhaka,2023-09-23,Adult
CUST04242,Customer 04242,Male,32,Dhaka,2025-02-26,Adult
CUST04243,Customer 04243,Female,33,Chattogram,2024-01-16,Adult
CUST04244,Customer 04244,Male,32,Dhaka,2024-07-09,Adult
CUST04245,Customer 04245,Female,51,Dhaka,2023-03-03,Senior
CUST04246,Customer 04246,Male,28,Rajshahi,2024-12-13,Adult
CUST04247,Customer 04247,Male,18,Khulna,2025-04-26,Young
CUST04248,Customer 04248,Male,32,Dhaka,2024-06-04,Adult
CUST04249,Customer 04249,Male,43,Dhaka,2025-12-30,Mid-age
CUST04250,Customer 04250,Male,21,Barishal,2024-08-24,Young
CUST04251,Customer 04251,Male,60,Dhaka,2023-05-20,Senior
CUST04252,Customer 04252,Female,22,Mymensingh,2024-08-12,Young
CUST04253,Customer 04253,Male,52,Sylhet,2024-06-11,Senior
CUST04254,Customer 04254,Female,30,Dhaka,2024-06-24,Adult
CUST04255,Customer 04255,Female,27,Dhaka,2024-01-10,Adult
CUST04256,Customer 04256,Female,28,Dhaka,2023-10-18,Adult
CUST04257,Customer 04257,Female,35,Dhaka,2023-02-12,Mid-age
CUST04258,Customer 04258,Female,51,Dhaka,2025-12-12,Senior
CUST04259,Customer 04259,Male,56,Sylhet,2023-01-08,Senior
CUST04260,Customer 04260,Male,58,Dhaka,2024-04-27,Senior
CUST04261,Customer 04261,Male,59,Chattogram,2023-02-11,Senior
CUST04262,Customer 04262,Female,40,Sylhet,2023-11-29,Mid-age
CUST04263,Customer 04263,Male,24,Dhaka,2025-12-29,Young
CUST04264,Customer 04264,Male,56,Dhaka,2025-11-05,Senior
CUST04265,Customer 04265,Male,20,Dhaka,2023-03-10,Young
CUST04266,Customer 04266,Male,29,Dhaka,2023-02-22,Adult
CUST04267,Customer 04267,Male,24,Khulna,2024-11-15,Young
CUST04268,Customer 04268,Female,43,Dhaka,2025-09-20,Mid-age
CUST04269,Customer 04269,Male,50,Barishal,2024-06-10,Senior
CUST04270,Customer 04270,Female,54,Chattogram,2023-03-04,Senior
CUST04271,Customer 04271,Female,32,Chattogram,2023-09-18,Adult
CUST04272,Customer 04272,Female,19,Chattogram,2025-05-07,Young
CUST04273,Customer 04273,Female,58,Khulna,2023-06-29,Senior
CUST04274,Customer 04274,Female,24,Dhaka,2025-11-05,Young
CUST04275,Customer 04275,Male,49,Dhaka,2023-12-21,Senior
CUST04276,Customer 04276,Male,21,Chattogram,2025-07-22,Young
CUST04277,Customer 04277,Male,37,Dhaka,2024-12-27,Mid-age
CUST04278,Customer 04278,Female,53,Chattogram,2024-08-11,Senior
CUST04279,Customer 04279,Male,49,Rajshahi,2024-08-27,Senior
CUST04280,Customer 04280,Male,45,Chattogram,2023-06-30,Senior
CUST04281,Customer 04281,Female,30,Sylhet,2023-06-23,Adult
CUST04282,Customer 04282,Female,18,Chattogram,2023-12-20,Young
CUST04283,Customer 04283,Female,52,Khulna,2023-12-20,Senior
CUST04284,Customer 04284,Female,47,Rajshahi,2024-03-09,Senior
CUST04285,Customer 04285,Male,53,Chattogram,2025-06-23,Senior
CUST04286,Customer 04286,Female,42,Rajshahi,2023-10-09,Mid-age
CUST04287,Customer 04287,Female,33,Rangpur,2023-09-16,Adult
CUST04288,Customer 04288,Male,36,Chattogram,2025-05-17,Mid-age
CUST04289,Customer 04289,Male,18,Chattogram,2024-07-12,Young
CUST04290,Customer 04290,Female,22,Khulna,2023-01-05,Young
CUST04291,Customer 04291,Male,39,Sylhet,2024-08-18,Mid-age
CUST04292,Customer 04292,Female,41,Dhaka,2024-01-29,Mid-age
CUST04293,Customer 04293,Female,60,Rangpur,2023-12-02,Senior
CUST04294,Customer 04294,Male,54,Dhaka,2023-03-04,Senior
CUST04295,Customer 04295,Male,53,Khulna,2023-02-13,Senior
CUST04296,Customer 04296,Female,53,Khulna,2023-06-02,Senior
CUST04297,Customer 04297,Female,21,Mymensingh,2025-05-03,Young
CUST04298,Customer 04298,Female,53,Dhaka,2023-10-02,Senior
CUST04299,Customer 04299,Male,35,Sylhet,2024-03-01,Mid-age
CUST04300,Customer 04300,Female,33,Chattogram,2024-04-27,Adult
CUST04301,Customer 04301,Female,58,Dhaka,2023-08-02,Senior
CUST04302,Customer 04302,Female,35,Dhaka,2023-03-20,Mid-age
CUST04303,Customer 04303,Female,39,Sylhet,2023-05-19,Mid-age
CUST04304,Customer 04304,Female,19,Chattogram,2025-08-07,Young
CUST04305,Customer 04305,Male,38,Dhaka,2023-04-08,Mid-age
CUST04306,Customer 04306,Female,53,Sylhet,2024-10-25,Senior
CUST04307,Customer 04307,Female,56,Khulna,2023-07-17,Senior
CUST04308,Customer 04308,Female,56,Khulna,2025-02-23,Senior
CUST04309,Customer 04309,Female,46,Rangpur,2023-06-05,Senior
CUST04310,Customer 04310,Male,43,Chattogram,2025-12-09,Mid-age
CUST04311,Customer 04311,Male,38,Mymensingh,2024-04-23,Mid-age
CUST04312,Customer 04312,Male,34,Rangpur,2023-08-16,Adult
CUST04313,Customer 04313,Female,33,Dhaka,2024-06-05,Adult
CUST04314,Customer 04314,Female,48,Dhaka,2023-05-29,Senior
CUST04315,Customer 04315,Male,26,Chattogram,2025-12-17,Adult
CUST04316,Customer 04316,Male,48,Chattogram,2023-06-11,Senior
CUST04317,Customer 04317,Male,31,Sylhet,2025-05-12,Adult
CUST04318,Customer 04318,Female,54,Sylhet,2024-01-30,Senior
CUST04319,Customer 04319,Female,19,Khulna,2025-03-11,Young
CUST04320,Customer 04320,Male,31,Chattogram,2023-07-05,Adult
CUST04321,Customer 04321,Male,50,Dhaka,2024-07-11,Senior
CUST04322,Customer 04322,Male,52,Rangpur,2024-03-21,Senior
CUST04323,Customer 04323,Female,56,Dhaka,2025-04-09,Senior
CUST04324,Customer 04324,Female,37,Mymensingh,2023-03-28,Mid-age
CUST04325,Customer 04325,Female,19,Dhaka,2024-03-13,Young
CUST04326,Customer 04326,Male,58,Mymensingh,2024-05-30,Senior
CUST04327,Customer 04327,Male,36,Dhaka,2025-08-04,Mid-age
CUST04328,Customer 04328,Female,54,Dhaka,2025-01-25,Senior
CUST04329,Customer 04329,Male,35,Dhaka,2025-03-07,Mid-age
CUST04330,Customer 04330,Female,33,Rajshahi,2024-11-16,Adult
CUST04331,Customer 04331,Male,21,Rangpur,2023-11-21,Young
CUST04332,Customer 04332,Male,29,Chattogram,2024-09-14,Adult
CUST04333,Customer 04333,Male,46,Mymensingh,2024-11-17,Senior
CUST04334,Customer 04334,Male,24,Sylhet,2024-02-04,Young
CUST04335,Customer 04335,Female,31,Sylhet,2025-05-17,Adult
CUST04336,Customer 04336,Male,29,Barishal,2023-08-05,Adult
CUST04337,Customer 04337,Female,52,Dhaka,2025-03-19,Senior
CUST04338,Customer 04338,Female,22,Dhaka,2025-08-18,Young
CUST04339,Customer 04339,Female,34,Rangpur,2025-09-27,Adult
CUST04340,Customer 04340,Male,59,Rangpur,2025-07-20,Senior
CUST04341,Customer 04341,Female,49,Mymensingh,2023-08-28,Senior
CUST04342,Customer 04342,Female,27,Rangpur,2023-02-17,Adult
CUST04343,Customer 04343,Female,60,Dhaka,2025-05-24,Senior
CUST04344,Customer 04344,Male,34,Barishal,2023-05-12,Adult
CUST04345,Customer 04345,Male,22,Chattogram,2024-09-16,Young
CUST04346,Customer 04346,Female,59,Mymensingh,2024-08-23,Senior
CUST04347,Customer 04347,Male,26,Chattogram,2024-11-03,Adult
CUST04348,Customer 04348,Female,50,Chattogram,2023-11-30,Senior
CUST04349,Customer 04349,Female,53,Chattogram,2023-02-05,Senior
CUST04350,Customer 04350,Male,53,Dhaka,2025-02-16,Senior
CUST04351,Customer 04351,Female,35,Dhaka,2023-08-11,Mid-age
CUST04352,Customer 04352,Male,26,Rangpur,2024-06-13,Adult
CUST04353,Customer 04353,Male,46,Barishal,2023-08-29,Senior
CUST04354,Customer 04354,Female,31,Dhaka,2023-05-14,Adult
CUST04355,Customer 04355,Male,42,Khulna,2024-01-26,Mid-age
CUST04356,Customer 04356,Male,32,Sylhet,2023-04-12,Adult
CUST04357,Customer 04357,Female,23,Chattogram,2024-11-11,Young
CUST04358,Customer 04358,Female,59,Dhaka,2024-05-12,Senior
CUST04359,Customer 04359,Male,46,Rangpur,2024-05-25,Senior
CUST04360,Customer 04360,Male,32,Rajshahi,2024-12-03,Adult
CUST04361,Customer 04361,Female,46,Chattogram,2025-09-20,Senior
CUST04362,Customer 04362,Male,21,Sylhet,2025-08-06,Young
CUST04363,Customer 04363,Male,35,Dhaka,2025-04-20,Mid-age
CUST04364,Customer 04364,Male,56,Chattogram,2023-01-06,Senior
CUST04365,Customer 04365,Male,33,Dhaka,2025-08-15,Adult
CUST04366,Customer 04366,Male,28,Dhaka,2023-07-13,Adult
CUST04367,Customer 04367,Male,31,Rajshahi,2025-01-11,Adult
CUST04368,Customer 04368,Male,20,Rangpur,2025-06-30,Young
CUST04369,Customer 04369,Female,59,Chattogram,2024-04-17,Senior
CUST04370,Customer 04370,Female,55,Dhaka,2023-08-04,Senior
CUST04371,Customer 04371,Female,59,Rajshahi,2025-05-25,Senior
CUST04372,Customer 04372,Female,35,Rangpur,2023-02-07,Mid-age
CUST04373,Customer 04373,Female,37,Khulna,2024-04-15,Mid-age
CUST04374,Customer 04374,Male,42,Rangpur,2024-03-27,Mid-age
CUST04375,Customer 04375,Male,55,Chattogram,2025-10-09,Senior
CUST04376,Customer 04376,Male,30,Khulna,2023-04-13,Adult
CUST04377,Customer 04377,Male,21,Dhaka,2023-02-11,Young
CUST04378,Customer 04378,Female,31,Dhaka,2025-08-04,Adult
CUST04379,Customer 04379,Male,50,Chattogram,2023-03-07,Senior
CUST04380,Customer 04380,Male,45,Chattogram,2025-07-31,Senior
CUST04381,Customer 04381,Female,54,Mymensingh,2023-07-12,Senior
CUST04382,Customer 04382,Male,25,Rangpur,2025-11-27,Adult
CUST04383,Customer 04383,Male,51,Dhaka,2024-05-16,Senior
CUST04384,Customer 04384,Female,22,Dhaka,2024-10-25,Young
CUST04385,Customer 04385,Male,22,Dhaka,2023-12-18,Young
CUST04386,Customer 04386,Male,48,Dhaka,2023-11-22,Senior
CUST04387,Customer 04387,Male,26,Sylhet,2025-11-27,Adult
CUST04388,Customer 04388,Male,59,Rangpur,2023-04-18,Senior
CUST04389,Customer 04389,Male,49,Mymensingh,2024-09-22,Senior
CUST04390,Customer 04390,Female,50,Rajshahi,2023-05-31,Senior
CUST04391,Customer 04391,Female,20,Barishal,2025-12-16,Young
CUST04392,Customer 04392,Female,47,Chattogram,2025-05-27,Senior
CUST04393,Customer 04393,Female,29,Dhaka,2023-12-01,Adult
CUST04394,Customer 04394,Female,46,Chattogram,2025-03-14,Senior
CUST04395,Customer 04395,Female,20,Chattogram,2025-02-05,Young
CUST04396,Customer 04396,Male,43,Khulna,2023-09-16,Mid-age
CUST04397,Customer 04397,Female,47,Dhaka,2025-02-20,Senior
CUST04398,Customer 04398,Female,26,Dhaka,2023-02-03,Adult
CUST04399,Customer 04399,Male,43,Dhaka,2023-11-22,Mid-age
CUST04400,Customer 04400,Male,19,Mymensingh,2025-04-16,Young
CUST04401,Customer 04401,Female,20,Chattogram,2024-11-21,Young
CUST04402,Customer 04402,Male,21,Khulna,2025-01-08,Young
CUST04403,Customer 04403,Female,42,Khulna,2025-01-13,Mid-age
CUST04404,Customer 04404,Male,30,Dhaka,2025-04-26,Adult
CUST04405,Customer 04405,Female,56,Sylhet,2023-04-27,Senior
CUST04406,Customer 04406,Male,52,Rangpur,2024-10-11,Senior
CUST04407,Customer 04407,Male,40,Chattogram,2024-02-07,Mid-age
CUST04408,Customer 04408,Female,26,Mymensingh,2025-09-23,Adult
CUST04409,Customer 04409,Female,19,Dhaka,2023-08-21,Young
CUST04410,Customer 04410,Female,58,Dhaka,2025-07-17,Senior
CUST04411,Customer 04411,Female,48,Rangpur,2024-04-24,Senior
CUST04412,Customer 04412,Female,19,Barishal,2025-09-02,Young
CUST04413,Customer 04413,Male,49,Mymensingh,2023-01-09,Senior
CUST04414,Customer 04414,Female,35,Rajshahi,2024-12-15,Mid-age
CUST04415,Customer 04415,Female,30,Mymensingh,2024-01-14,Adult
CUST04416,Customer 04416,Male,22,Barishal,2024-01-16,Young
CUST04417,Customer 04417,Male,59,Barishal,2025-04-23,Senior
CUST04418,Customer 04418,Female,27,Sylhet,2023-12-26,Adult
CUST04419,Customer 04419,Male,60,Chattogram,2023-06-25,Senior
CUST04420,Customer 04420,Male,42,Mymensingh,2024-04-29,Mid-age
CUST04421,Customer 04421,Female,51,Chattogram,2023-02-02,Senior
CUST04422,Customer 04422,Male,54,Chattogram,2024-11-26,Senior
CUST04423,Customer 04423,Male,47,Chattogram,2023-06-06,Senior
CUST04424,Customer 04424,Female,24,Sylhet,2024-07-18,Young
CUST04425,Customer 04425,Female,23,Chattogram,2023-07-21,Young
CUST04426,Customer 04426,Male,20,Dhaka,2025-07-11,Young
CUST04427,Customer 04427,Male,30,Rangpur,2023-03-15,Adult
CUST04428,Customer 04428,Female,20,Chattogram,2023-04-06,Young
CUST04429,Customer 04429,Male,43,Sylhet,2023-06-22,Mid-age
CUST04430,Customer 04430,Male,41,Dhaka,2023-06-04,Mid-age
CUST04431,Customer 04431,Male,23,Dhaka,2023-10-16,Young
CUST04432,Customer 04432,Female,60,Dhaka,2023-09-15,Senior
CUST04433,Customer 04433,Male,59,Rajshahi,2023-06-23,Senior
CUST04434,Customer 04434,Male,29,Dhaka,2023-11-26,Adult
CUST04435,Customer 04435,Female,53,Rangpur,2025-01-28,Senior
CUST04436,Customer 04436,Male,19,Dhaka,2025-10-16,Young
CUST04437,Customer 04437,Male,28,Dhaka,2023-06-10,Adult
CUST04438,Customer 04438,Female,56,Dhaka,2023-07-05,Senior
CUST04439,Customer 04439,Female,51,Dhaka,2023-05-23,Senior
CUST04440,Customer 04440,Female,43,Khulna,2025-06-25,Mid-age
CUST04441,Customer 04441,Female,35,Rangpur,2024-10-01,Mid-age
CUST04442,Customer 04442,Male,38,Sylhet,2023-01-27,Mid-age
CUST04443,Customer 04443,Male,53,Dhaka,2023-07-21,Senior
CUST04444,Customer 04444,Female,57,Dhaka,2025-11-10,Senior
CUST04445,Customer 04445,Female,39,Chattogram,2024-10-31,Mid-age
CUST04446,Customer 04446,Male,47,Mymensingh,2025-10-28,Senior
CUST04447,Customer 04447,Female,60,Dhaka,2024-04-16,Senior
CUST04448,Customer 04448,Male,47,Khulna,2023-09-16,Senior
CUST04449,Customer 04449,Female,25,Chattogram,2023-02-24,Adult
CUST04450,Customer 04450,Male,51,Dhaka,2025-06-29,Senior
CUST04451,Customer 04451,Female,26,Chattogram,2025-10-26,Adult
CUST04452,Customer 04452,Female,37,Dhaka,2024-07-07,Mid-age
CUST04453,Customer 04453,Male,57,Barishal,2025-12-09,Senior
CUST04454,Customer 04454,Female,42,Dhaka,2023-04-22,Mid-age
CUST04455,Customer 04455,Male,36,Khulna,2023-05-26,Mid-age
CUST04456,Customer 04456,Male,22,Dhaka,2023-08-18,Young
CUST04457,Customer 04457,Male,28,Mymensingh,2024-05-11,Adult
CUST04458,Customer 04458,Male,32,Dhaka,2024-04-05,Adult
CUST04459,Customer 04459,Male,25,Rangpur,2025-03-17,Adult
CUST04460,Customer 04460,Female,36,Barishal,2023-08-14,Mid-age
CUST04461,Customer 04461,Female,40,Mymensingh,2023-02-28,Mid-age
CUST04462,Customer 04462,Male,44,Chattogram,2024-03-03,Mid-age
CUST04463,Customer 04463,Female,57,Khulna,2024-12-28,Senior
CUST04464,Customer 04464,Male,49,Dhaka,2025-07-20,Senior
CUST04465,Customer 04465,Female,43,Dhaka,2024-05-12,Mid-age
CUST04466,Customer 04466,Female,44,Chattogram,2025-03-26,Mid-age
CUST04467,Customer 04467,Female,36,Dhaka,2025-06-28,Mid-age
CUST04468,Customer 04468,Female,59,Mymensingh,2023-03-08,Senior
CUST04469,Customer 04469,Male,46,Dhaka,2023-08-18,Senior
CUST04470,Customer 04470,Male,56,Sylhet,2025-09-09,Senior
CUST04471,Customer 04471,Female,58,Sylhet,2023-11-29,Senior
CUST04472,Customer 04472,Female,50,Chattogram,2023-10-04,Senior
CUST04473,Customer 04473,Male,36,Rajshahi,2024-12-21,Mid-age
CUST04474,Customer 04474,Female,54,Dhaka,2023-05-24,Senior
CUST04475,Customer 04475,Male,36,Chattogram,2024-11-21,Mid-age
CUST04476,Customer 04476,Male,50,Dhaka,2023-02-26,Senior
CUST04477,Customer 04477,Male,33,Mymensingh,2023-11-04,Adult
CUST04478,Customer 04478,Female,40,Khulna,2023-06-23,Mid-age
CUST04479,Customer 04479,Male,24,Mymensingh,2025-01-19,Young
CUST04480,Customer 04480,Female,43,Dhaka,2025-09-30,Mid-age
CUST04481,Customer 04481,Male,49,Dhaka,2024-11-08,Senior
CUST04482,Customer 04482,Female,29,Dhaka,2024-07-13,Adult
CUST04483,Customer 04483,Female,25,Dhaka,2023-12-15,Adult
CUST04484,Customer 04484,Female,22,Dhaka,2025-12-26,Young
CUST04485,Customer 04485,Male,59,Rajshahi,2023-11-26,Senior
CUST04486,Customer 04486,Male,45,Dhaka,2023-07-13,Senior
CUST04487,Customer 04487,Female,22,Chattogram,2023-09-23,Young
CUST04488,Customer 04488,Female,43,Rangpur,2023-06-17,Mid-age
CUST04489,Customer 04489,Female,22,Rajshahi,2023-05-25,Young
CUST04490,Customer 04490,Male,39,Chattogram,2023-07-05,Mid-age
CUST04491,Customer 04491,Male,32,Dhaka,2025-06-04,Adult
CUST04492,Customer 04492,Male,30,Chattogram,2025-05-14,Adult
CUST04493,Customer 04493,Male,45,Dhaka,2025-02-12,Senior
CUST04494,Customer 04494,Female,50,Sylhet,2025-10-03,Senior
CUST04495,Customer 04495,Female,60,Dhaka,2025-02-24,Senior
CUST04496,Customer 04496,Male,40,Rangpur,2024-04-01,Mid-age
CUST04497,Customer 04497,Male,50,Khulna,2023-12-11,Senior
CUST04498,Customer 04498,Female,60,Sylhet,2025-01-04,Senior
CUST04499,Customer 04499,Male,35,Dhaka,2024-07-07,Mid-age
CUST04500,Customer 04500,Male,47,Dhaka,2025-10-17,Senior
CUST04501,Customer 04501,Male,43,Khulna,2025-02-26,Mid-age
CUST04502,Customer 04502,Male,33,Chattogram,2025-07-24,Adult
CUST04503,Customer 04503,Male,30,Dhaka,2024-12-05,Adult
CUST04504,Customer 04504,Male,56,Dhaka,2023-09-04,Senior
CUST04505,Customer 04505,Female,50,Dhaka,2025-03-22,Senior
CUST04506,Customer 04506,Male,43,Khulna,2025-11-12,Mid-age
CUST04507,Customer 04507,Male,18,Dhaka,2025-08-10,Young
CUST04508,Customer 04508,Female,55,Chattogram,2025-03-25,Senior
CUST04509,Customer 04509,Female,19,Chattogram,2023-05-24,Young
CUST04510,Customer 04510,Female,23,Sylhet,2024-12-30,Young
CUST04511,Customer 04511,Male,55,Rangpur,2025-05-12,Senior
CUST04512,Customer 04512,Female,59,Rangpur,2024-04-09,Senior
CUST04513,Customer 04513,Male,41,Chattogram,2024-01-10,Mid-age
CUST04514,Customer 04514,Male,35,Dhaka,2024-11-07,Mid-age
CUST04515,Customer 04515,Male,44,Chattogram,2024-11-22,Mid-age
CUST04516,Customer 04516,Female,58,Sylhet,2024-09-20,Senior
CUST04517,Customer 04517,Female,25,Chattogram,2024-07-09,Adult
CUST04518,Customer 04518,Female,45,Rajshahi,2025-05-12,Senior
CUST04519,Customer 04519,Female,27,Dhaka,2023-03-15,Adult
CUST04520,Customer 04520,Female,34,Rajshahi,2024-03-13,Adult
CUST04521,Customer 04521,Male,46,Dhaka,2025-05-30,Senior
CUST04522,Customer 04522,Male,23,Khulna,2023-08-14,Young
CUST04523,Customer 04523,Male,31,Dhaka,2023-11-04,Adult
CUST04524,Customer 04524,Male,39,Rajshahi,2025-08-23,Mid-age
CUST04525,Customer 04525,Female,23,Dhaka,2023-12-14,Young
CUST04526,Customer 04526,Female,43,Chattogram,2024-04-20,Mid-age
CUST04527,Customer 04527,Male,56,Rajshahi,2024-06-08,Senior
CUST04528,Customer 04528,Female,29,Dhaka,2024-06-07,Adult
CUST04529,Customer 04529,Female,52,Barishal,2024-07-15,Senior
CUST04530,Customer 04530,Male,31,Sylhet,2024-07-22,Adult
CUST04531,Customer 04531,Male,39,Sylhet,2023-04-16,Mid-age
CUST04532,Customer 04532,Female,40,Dhaka,2023-07-10,Mid-age
CUST04533,Customer 04533,Female,24,Chattogram,2024-11-30,Young
CUST04534,Customer 04534,Male,57,Sylhet,2025-04-10,Senior
CUST04535,Customer 04535,Male,42,Chattogram,2023-03-13,Mid-age
CUST04536,Customer 04536,Male,30,Rajshahi,2025-01-24,Adult
CUST04537,Customer 04537,Female,38,Chattogram,2024-04-01,Mid-age
CUST04538,Customer 04538,Male,58,Dhaka,2025-06-23,Senior
CUST04539,Customer 04539,Male,27,Dhaka,2024-04-23,Adult
CUST04540,Customer 04540,Female,26,Dhaka,2023-02-21,Adult
CUST04541,Customer 04541,Female,32,Dhaka,2025-09-30,Adult
CUST04542,Customer 04542,Female,19,Khulna,2024-07-27,Young
CUST04543,Customer 04543,Female,42,Barishal,2025-06-11,Mid-age
CUST04544,Customer 04544,Female,30,Dhaka,2023-09-12,Adult
CUST04545,Customer 04545,Male,51,Mymensingh,2024-11-15,Senior
CUST04546,Customer 04546,Male,51,Chattogram,2023-02-26,Senior
CUST04547,Customer 04547,Female,52,Rangpur,2025-08-07,Senior
CUST04548,Customer 04548,Female,55,Rajshahi,2025-12-26,Senior
CUST04549,Customer 04549,Female,20,Khulna,2025-12-05,Young
CUST04550,Customer 04550,Female,59,Dhaka,2024-08-28,Senior
CUST04551,Customer 04551,Female,23,Dhaka,2024-01-04,Young
CUST04552,Customer 04552,Male,36,Dhaka,2023-08-20,Mid-age
CUST04553,Customer 04553,Male,20,Khulna,2025-06-26,Young
CUST04554,Customer 04554,Male,35,Dhaka,2025-11-12,Mid-age
CUST04555,Customer 04555,Male,56,Khulna,2024-07-27,Senior
CUST04556,Customer 04556,Female,26,Dhaka,2025-04-20,Adult
CUST04557,Customer 04557,Male,29,Barishal,2023-04-28,Adult
CUST04558,Customer 04558,Female,22,Dhaka,2025-12-14,Young
CUST04559,Customer 04559,Female,20,Dhaka,2023-09-25,Young
CUST04560,Customer 04560,Female,28,Dhaka,2023-04-23,Adult
CUST04561,Customer 04561,Male,47,Chattogram,2023-06-15,Senior
CUST04562,Customer 04562,Female,21,Dhaka,2024-10-29,Young
CUST04563,Customer 04563,Male,22,Khulna,2025-10-28,Young
CUST04564,Customer 04564,Male,18,Dhaka,2024-12-14,Young
CUST04565,Customer 04565,Female,44,Dhaka,2024-03-06,Mid-age
CUST04566,Customer 04566,Female,45,Barishal,2025-06-11,Senior
CUST04567,Customer 04567,Female,46,Dhaka,2025-12-09,Senior
CUST04568,Customer 04568,Male,35,Mymensingh,2023-04-17,Mid-age
CUST04569,Customer 04569,Female,29,Mymensingh,2025-10-29,Adult
CUST04570,Customer 04570,Male,30,Dhaka,2025-01-14,Adult
CUST04571,Customer 04571,Female,58,Dhaka,2024-11-30,Senior
CUST04572,Customer 04572,Female,19,Dhaka,2023-11-19,Young
CUST04573,Customer 04573,Male,54,Khulna,2023-11-05,Senior
CUST04574,Customer 04574,Male,33,Sylhet,2025-04-29,Adult
CUST04575,Customer 04575,Male,41,Rajshahi,2024-09-13,Mid-age
CUST04576,Customer 04576,Male,52,Khulna,2025-09-21,Senior
CUST04577,Customer 04577,Male,39,Dhaka,2023-05-25,Mid-age
CUST04578,Customer 04578,Male,53,Barishal,2025-01-09,Senior
CUST04579,Customer 04579,Female,28,Rajshahi,2025-03-31,Adult
CUST04580,Customer 04580,Female,46,Sylhet,2024-02-16,Senior
CUST04581,Customer 04581,Male,52,Rangpur,2023-04-24,Senior
CUST04582,Customer 04582,Female,32,Rajshahi,2024-07-28,Adult
CUST04583,Customer 04583,Male,48,Dhaka,2024-02-03,Senior
CUST04584,Customer 04584,Female,59,Chattogram,2023-05-04,Senior
CUST04585,Customer 04585,Female,58,Chattogram,2023-03-27,Senior
CUST04586,Customer 04586,Male,60,Dhaka,2023-02-16,Senior
CUST04587,Customer 04587,Male,33,Mymensingh,2025-08-01,Adult
CUST04588,Customer 04588,Male,27,Dhaka,2025-03-14,Adult
CUST04589,Customer 04589,Female,49,Rajshahi,2024-01-24,Senior
CUST04590,Customer 04590,Male,19,Chattogram,2024-07-29,Young
CUST04591,Customer 04591,Female,41,Dhaka,2024-09-23,Mid-age
CUST04592,Customer 04592,Male,40,Mymensingh,2024-12-14,Mid-age
CUST04593,Customer 04593,Female,19,Rangpur,2025-12-05,Young
CUST04594,Customer 04594,Female,55,Chattogram,2024-09-13,Senior
CUST04595,Customer 04595,Male,48,Dhaka,2023-02-15,Senior
CUST04596,Customer 04596,Female,57,Dhaka,2024-12-24,Senior
CUST04597,Customer 04597,Female,43,Dhaka,2024-06-23,Mid-age
CUST04598,Customer 04598,Male,46,Dhaka,2023-03-28,Senior
CUST04599,Customer 04599,Female,20,Chattogram,2025-03-13,Young
CUST04600,Customer 04600,Male,31,Mymensingh,2023-09-22,Adult
CUST04601,Customer 04601,Male,42,Sylhet,2025-11-11,Mid-age
CUST04602,Customer 04602,Male,18,Rangpur,2024-12-03,Young
CUST04603,Customer 04603,Male,20,Rajshahi,2023-08-20,Young
CUST04604,Customer 04604,Female,43,Chattogram,2023-07-05,Mid-age
CUST04605,Customer 04605,Female,35,Rangpur,2023-11-22,Mid-age
CUST04606,Customer 04606,Female,26,Chattogram,2024-02-01,Adult
CUST04607,Customer 04607,Male,55,Rangpur,2025-12-24,Senior
CUST04608,Customer 04608,Female,40,Dhaka,2025-08-13,Mid-age
CUST04609,Customer 04609,Female,38,Dhaka,2024-07-08,Mid-age
CUST04610,Customer 04610,Male,18,Rangpur,2025-01-02,Young
CUST04611,Customer 04611,Male,38,Sylhet,2025-11-06,Mid-age
CUST04612,Customer 04612,Female,44,Rangpur,2025-03-07,Mid-age
CUST04613,Customer 04613,Male,59,Mymensingh,2024-01-26,Senior
CUST04614,Customer 04614,Male,23,Dhaka,2023-02-13,Young
CUST04615,Customer 04615,Male,53,Chattogram,2025-06-19,Senior
CUST04616,Customer 04616,Male,45,Dhaka,2024-04-26,Senior
CUST04617,Customer 04617,Female,34,Sylhet,2024-07-19,Adult
CUST04618,Customer 04618,Male,57,Barishal,2023-08-08,Senior
CUST04619,Customer 04619,Male,20,Dhaka,2025-02-10,Young
CUST04620,Customer 04620,Male,29,Chattogram,2024-02-13,Adult
CUST04621,Customer 04621,Male,56,Rajshahi,2024-04-15,Senior
CUST04622,Customer 04622,Male,29,Dhaka,2025-12-20,Adult
CUST04623,Customer 04623,Male,19,Barishal,2023-06-15,Young
CUST04624,Customer 04624,Male,39,Sylhet,2024-11-02,Mid-age
CUST04625,Customer 04625,Male,40,Mymensingh,2023-04-21,Mid-age
CUST04626,Customer 04626,Female,47,Dhaka,2024-07-02,Senior
CUST04627,Customer 04627,Male,22,Dhaka,2025-10-23,Young
CUST04628,Customer 04628,Female,26,Chattogram,2025-11-02,Adult
CUST04629,Customer 04629,Male,38,Dhaka,2023-12-10,Mid-age
CUST04630,Customer 04630,Male,28,Mymensingh,2023-11-28,Adult
CUST04631,Customer 04631,Male,22,Dhaka,2023-09-21,Young
CUST04632,Customer 04632,Male,52,Khulna,2023-03-24,Senior
CUST04633,Customer 04633,Female,44,Chattogram,2025-02-15,Mid-age
CUST04634,Customer 04634,Male,19,Dhaka,2025-07-12,Young
CUST04635,Customer 04635,Male,41,Dhaka,2023-11-30,Mid-age
CUST04636,Customer 04636,Female,48,Sylhet,2024-10-19,Senior
CUST04637,Customer 04637,Female,50,Sylhet,2024-03-29,Senior
CUST04638,Customer 04638,Male,56,Dhaka,2024-11-03,Senior
CUST04639,Customer 04639,Female,47,Rangpur,2025-01-10,Senior
CUST04640,Customer 04640,Female,54,Dhaka,2023-11-29,Senior
CUST04641,Customer 04641,Female,45,Chattogram,2023-11-06,Senior
CUST04642,Customer 04642,Male,48,Chattogram,2024-12-27,Senior
CUST04643,Customer 04643,Male,28,Dhaka,2023-12-20,Adult
CUST04644,Customer 04644,Male,40,Mymensingh,2025-04-03,Mid-age
CUST04645,Customer 04645,Female,19,Dhaka,2023-05-25,Young
CUST04646,Customer 04646,Male,57,Dhaka,2025-10-30,Senior
CUST04647,Customer 04647,Female,58,Chattogram,2025-12-03,Senior
CUST04648,Customer 04648,Male,44,Sylhet,2025-06-28,Mid-age
CUST04649,Customer 04649,Male,52,Chattogram,2025-01-30,Senior
CUST04650,Customer 04650,Female,19,Rajshahi,2024-05-09,Young
CUST04651,Customer 04651,Male,56,Dhaka,2024-10-03,Senior
CUST04652,Customer 04652,Female,54,Dhaka,2024-06-14,Senior
CUST04653,Customer 04653,Female,38,Barishal,2024-05-27,Mid-age
CUST04654,Customer 04654,Male,22,Dhaka,2023-05-10,Young
CUST04655,Customer 04655,Female,38,Rangpur,2025-10-04,Mid-age
CUST04656,Customer 04656,Male,46,Dhaka,2025-01-03,Senior
CUST04657,Customer 04657,Male,37,Barishal,2025-08-04,Mid-age
CUST04658,Customer 04658,Female,55,Dhaka,2025-09-28,Senior
CUST04659,Customer 04659,Male,37,Sylhet,2024-04-08,Mid-age
CUST04660,Customer 04660,Female,42,Dhaka,2023-05-21,Mid-age
CUST04661,Customer 04661,Male,19,Dhaka,2025-05-31,Young
CUST04662,Customer 04662,Male,49,Dhaka,2024-03-31,Senior
CUST04663,Customer 04663,Male,43,Dhaka,2024-03-09,Mid-age
CUST04664,Customer 04664,Male,23,Dhaka,2023-06-22,Young
CUST04665,Customer 04665,Male,58,Chattogram,2024-04-17,Senior
CUST04666,Customer 04666,Female,20,Sylhet,2025-10-16,Young
CUST04667,Customer 04667,Female,50,Khulna,2025-07-05,Senior
CUST04668,Customer 04668,Female,18,Rajshahi,2024-03-14,Young
CUST04669,Customer 04669,Female,22,Sylhet,2025-10-12,Young
CUST04670,Customer 04670,Female,30,Chattogram,2025-12-16,Adult
CUST04671,Customer 04671,Female,36,Chattogram,2024-05-12,Mid-age
CUST04672,Customer 04672,Male,29,Chattogram,2023-06-18,Adult
CUST04673,Customer 04673,Male,42,Barishal,2025-09-15,Mid-age
CUST04674,Customer 04674,Female,52,Dhaka,2024-07-14,Senior
CUST04675,Customer 04675,Female,29,Dhaka,2024-03-03,Adult
CUST04676,Customer 04676,Male,47,Rajshahi,2024-02-23,Senior
CUST04677,Customer 04677,Male,22,Dhaka,2024-03-30,Young
CUST04678,Customer 04678,Male,51,Rangpur,2024-12-14,Senior
CUST04679,Customer 04679,Female,39,Rangpur,2023-07-21,Mid-age
CUST04680,Customer 04680,Female,56,Dhaka,2023-06-28,Senior
CUST04681,Customer 04681,Female,30,Dhaka,2023-02-26,Adult
CUST04682,Customer 04682,Male,20,Chattogram,2025-08-03,Young
CUST04683,Customer 04683,Male,37,Sylhet,2024-05-15,Mid-age
CUST04684,Customer 04684,Female,48,Dhaka,2025-01-08,Senior
CUST04685,Customer 04685,Female,22,Khulna,2023-04-22,Young
CUST04686,Customer 04686,Male,41,Sylhet,2024-12-15,Mid-age
CUST04687,Customer 04687,Male,57,Dhaka,2025-05-26,Senior
CUST04688,Customer 04688,Male,50,Dhaka,2025-12-15,Senior
CUST04689,Customer 04689,Male,25,Khulna,2025-03-23,Adult
CUST04690,Customer 04690,Female,41,Dhaka,2025-08-21,Mid-age
CUST04691,Customer 04691,Male,37,Barishal,2025-12-13,Mid-age
CUST04692,Customer 04692,Male,33,Chattogram,2023-02-06,Adult
CUST04693,Customer 04693,Male,29,Sylhet,2025-10-09,Adult
CUST04694,Customer 04694,Female,30,Rangpur,2025-05-12,Adult
CUST04695,Customer 04695,Female,59,Rangpur,2025-01-01,Senior
CUST04696,Customer 04696,Male,56,Dhaka,2025-03-20,Senior
CUST04697,Customer 04697,Male,42,Dhaka,2025-10-21,Mid-age
CUST04698,Customer 04698,Male,49,Khulna,2023-01-23,Senior
CUST04699,Customer 04699,Female,41,Chattogram,2025-03-06,Mid-age
CUST04700,Customer 04700,Female,26,Dhaka,2024-05-10,Adult
CUST04701,Customer 04701,Female,57,Rangpur,2025-06-18,Senior
CUST04702,Customer 04702,Male,40,Dhaka,2024-02-29,Mid-age
CUST04703,Customer 04703,Female,30,Dhaka,2024-11-30,Adult
CUST04704,Customer 04704,Male,49,Dhaka,2023-01-18,Senior
CUST04705,Customer 04705,Male,32,Sylhet,2024-09-18,Adult
CUST04706,Customer 04706,Male,53,Rajshahi,2025-11-28,Senior
CUST04707,Customer 04707,Female,22,Dhaka,2023-07-30,Young
CUST04708,Customer 04708,Male,39,Dhaka,2024-07-18,Mid-age
CUST04709,Customer 04709,Female,33,Dhaka,2025-08-29,Adult
CUST04710,Customer 04710,Female,58,Rajshahi,2023-05-13,Senior
CUST04711,Customer 04711,Male,27,Dhaka,2024-03-24,Adult
CUST04712,Customer 04712,Male,41,Mymensingh,2023-09-21,Mid-age
CUST04713,Customer 04713,Female,35,Dhaka,2023-04-21,Mid-age
CUST04714,Customer 04714,Male,35,Mymensingh,2025-04-29,Mid-age
CUST04715,Customer 04715,Female,24,Dhaka,2025-06-19,Young
CUST04716,Customer 04716,Male,21,Khulna,2025-01-28,Young
CUST04717,Customer 04717,Female,43,Dhaka,2025-05-10,Mid-age
CUST04718,Customer 04718,Female,22,Dhaka,2025-06-15,Young
CUST04719,Customer 04719,Female,33,Rangpur,2025-05-11,Adult
CUST04720,Customer 04720,Female,52,Rangpur,2023-07-12,Senior
CUST04721,Customer 04721,Male,43,Chattogram,2024-05-29,Mid-age
CUST04722,Customer 04722,Male,35,Rajshahi,2025-02-28,Mid-age
CUST04723,Customer 04723,Female,46,Chattogram,2025-08-25,Senior
CUST04724,Customer 04724,Female,40,Rangpur,2023-03-25,Mid-age
CUST04725,Customer 04725,Male,31,Dhaka,2025-03-08,Adult
CUST04726,Customer 04726,Male,32,Chattogram,2023-03-21,Adult
CUST04727,Customer 04727,Male,50,Chattogram,2024-06-05,Senior
CUST04728,Customer 04728,Male,42,Dhaka,2023-08-22,Mid-age
CUST04729,Customer 04729,Male,38,Rangpur,2023-09-01,Mid-age
CUST04730,Customer 04730,Male,34,Dhaka,2025-04-28,Adult
CUST04731,Customer 04731,Female,40,Dhaka,2024-01-28,Mid-age
CUST04732,Customer 04732,Male,60,Sylhet,2023-01-09,Senior
CUST04733,Customer 04733,Male,34,Rajshahi,2024-09-04,Adult
CUST04734,Customer 04734,Female,31,Dhaka,2025-03-17,Adult
CUST04735,Customer 04735,Male,46,Chattogram,2024-12-15,Senior
CUST04736,Customer 04736,Male,37,Mymensingh,2023-04-20,Mid-age
CUST04737,Customer 04737,Male,47,Dhaka,2025-04-13,Senior
CUST04738,Customer 04738,Male,36,Rajshahi,2023-09-23,Mid-age
CUST04739,Customer 04739,Male,56,Khulna,2025-09-02,Senior
CUST04740,Customer 04740,Female,30,Chattogram,2025-08-12,Adult
CUST04741,Customer 04741,Male,35,Mymensingh,2025-06-25,Mid-age
CUST04742,Customer 04742,Female,40,Khulna,2024-11-02,Mid-age
CUST04743,Customer 04743,Female,50,Chattogram,2023-06-25,Senior
CUST04744,Customer 04744,Male,56,Sylhet,2024-06-08,Senior
CUST04745,Customer 04745,Female,57,Rajshahi,2025-12-26,Senior
CUST04746,Customer 04746,Male,35,Sylhet,2025-08-09,Mid-age
CUST04747,Customer 04747,Female,26,Rangpur,2025-11-24,Adult
CUST04748,Customer 04748,Female,50,Dhaka,2024-05-19,Senior
CUST04749,Customer 04749,Male,49,Dhaka,2025-04-28,Senior
CUST04750,Customer 04750,Male,34,Dhaka,2025-08-20,Adult
CUST04751,Customer 04751,Male,36,Dhaka,2024-04-16,Mid-age
CUST04752,Customer 04752,Male,44,Dhaka,2024-06-06,Mid-age
CUST04753,Customer 04753,Male,23,Rangpur,2025-05-29,Young
CUST04754,Customer 04754,Female,52,Rajshahi,2023-10-01,Senior
CUST04755,Customer 04755,Female,54,Rajshahi,2023-02-23,Senior
CUST04756,Customer 04756,Female,51,Sylhet,2025-12-14,Senior
CUST04757,Customer 04757,Female,37,Barishal,2025-06-06,Mid-age
CUST04758,Customer 04758,Female,42,Chattogram,2025-01-14,Mid-age
CUST04759,Customer 04759,Female,21,Rangpur,2023-10-04,Young
CUST04760,Customer 04760,Female,27,Dhaka,2025-06-01,Adult
CUST04761,Customer 04761,Male,27,Mymensingh,2024-09-23,Adult
CUST04762,Customer 04762,Male,41,Rajshahi,2024-07-23,Mid-age
CUST04763,Customer 04763,Female,38,Dhaka,2023-06-25,Mid-age
CUST04764,Customer 04764,Female,28,Sylhet,2024-07-19,Adult
CUST04765,Customer 04765,Male,44,Chattogram,2025-02-09,Mid-age
CUST04766,Customer 04766,Male,33,Dhaka,2023-09-19,Adult
CUST04767,Customer 04767,Male,43,Sylhet,2024-06-14,Mid-age
CUST04768,Customer 04768,Male,47,Dhaka,2025-06-09,Senior
CUST04769,Customer 04769,Female,33,Dhaka,2025-08-05,Adult
CUST04770,Customer 04770,Male,24,Mymensingh,2024-08-07,Young
CUST04771,Customer 04771,Female,33,Rajshahi,2025-03-25,Adult
CUST04772,Customer 04772,Female,52,Rangpur,2023-10-29,Senior
CUST04773,Customer 04773,Female,33,Rajshahi,2024-09-19,Adult
CUST04774,Customer 04774,Male,57,Dhaka,2024-07-26,Senior
CUST04775,Customer 04775,Male,29,Chattogram,2024-06-12,Adult
CUST04776,Customer 04776,Female,52,Rajshahi,2023-02-03,Senior
CUST04777,Customer 04777,Female,38,Mymensingh,2024-06-15,Mid-age
CUST04778,Customer 04778,Female,60,Dhaka,2024-01-06,Senior
CUST04779,Customer 04779,Male,53,Rangpur,2024-02-13,Senior
CUST04780,Customer 04780,Female,34,Mymensingh,2024-09-08,Adult
CUST04781,Customer 04781,Male,49,Rajshahi,2023-03-12,Senior
CUST04782,Customer 04782,Female,58,Mymensingh,2023-03-25,Senior
CUST04783,Customer 04783,Female,23,Chattogram,2023-07-28,Young
CUST04784,Customer 04784,Female,41,Mymensingh,2023-09-16,Mid-age
CUST04785,Customer 04785,Male,44,Rajshahi,2025-07-20,Mid-age
CUST04786,Customer 04786,Male,37,Dhaka,2023-10-09,Mid-age
CUST04787,Customer 04787,Female,42,Rangpur,2024-01-29,Mid-age
CUST04788,Customer 04788,Male,19,Chattogram,2024-02-22,Young
CUST04789,Customer 04789,Female,26,Chattogram,2025-05-08,Adult
CUST04790,Customer 04790,Male,45,Sylhet,2024-09-17,Senior
CUST04791,Customer 04791,Male,55,Dhaka,2024-07-15,Senior
CUST04792,Customer 04792,Male,20,Chattogram,2025-04-11,Young
CUST04793,Customer 04793,Female,37,Barishal,2025-07-29,Mid-age
CUST04794,Customer 04794,Male,23,Dhaka,2023-03-03,Young
CUST04795,Customer 04795,Male,56,Dhaka,2025-01-03,Senior
CUST04796,Customer 04796,Female,50,Dhaka,2025-02-20,Senior
CUST04797,Customer 04797,Female,18,Chattogram,2024-06-22,Young
CUST04798,Customer 04798,Female,54,Khulna,2024-08-19,Senior
CUST04799,Customer 04799,Female,23,Barishal,2023-01-09,Young
CUST04800,Customer 04800,Male,51,Mymensingh,2023-10-03,Senior
CUST04801,Customer 04801,Male,32,Sylhet,2023-08-15,Adult
CUST04802,Customer 04802,Male,43,Dhaka,2023-07-05,Mid-age
CUST04803,Customer 04803,Male,31,Mymensingh,2024-08-13,Adult
CUST04804,Customer 04804,Male,24,Khulna,2024-03-08,Young
CUST04805,Customer 04805,Female,48,Sylhet,2024-07-22,Senior
CUST04806,Customer 04806,Male,41,Rajshahi,2024-10-17,Mid-age
CUST04807,Customer 04807,Male,48,Mymensingh,2023-12-22,Senior
CUST04808,Customer 04808,Male,46,Khulna,2025-04-22,Senior
CUST04809,Customer 04809,Female,59,Dhaka,2024-01-27,Senior
CUST04810,Customer 04810,Female,49,Khulna,2024-08-01,Senior
CUST04811,Customer 04811,Male,34,Dhaka,2024-02-24,Adult
CUST04812,Customer 04812,Female,31,Chattogram,2023-06-13,Adult
CUST04813,Customer 04813,Female,57,Chattogram,2025-02-17,Senior
CUST04814,Customer 04814,Female,53,Dhaka,2024-09-29,Senior
CUST04815,Customer 04815,Female,41,Dhaka,2023-01-17,Mid-age
CUST04816,Customer 04816,Female,44,Dhaka,2024-03-21,Mid-age
CUST04817,Customer 04817,Female,42,Rajshahi,2023-06-19,Mid-age
CUST04818,Customer 04818,Female,49,Barishal,2023-12-06,Senior
CUST04819,Customer 04819,Male,35,Mymensingh,2024-12-26,Mid-age
CUST04820,Customer 04820,Male,35,Dhaka,2025-10-31,Mid-age
CUST04821,Customer 04821,Female,54,Sylhet,2023-05-13,Senior
CUST04822,Customer 04822,Male,43,Mymensingh,2025-06-19,Mid-age
CUST04823,Customer 04823,Male,26,Dhaka,2024-10-01,Adult
CUST04824,Customer 04824,Female,52,Khulna,2025-04-02,Senior
CUST04825,Customer 04825,Male,25,Khulna,2025-08-11,Adult
CUST04826,Customer 04826,Female,37,Dhaka,2023-03-20,Mid-age
CUST04827,Customer 04827,Female,59,Rangpur,2023-12-12,Senior
CUST04828,Customer 04828,Female,39,Barishal,2024-08-31,Mid-age
CUST04829,Customer 04829,Male,36,Dhaka,2024-09-30,Mid-age
CUST04830,Customer 04830,Male,47,Dhaka,2025-11-13,Senior
CUST04831,Customer 04831,Male,45,Dhaka,2023-05-11,Senior
CUST04832,Customer 04832,Male,52,Dhaka,2023-12-22,Senior
CUST04833,Customer 04833,Female,60,Chattogram,2025-08-01,Senior
CUST04834,Customer 04834,Female,28,Chattogram,2023-05-30,Adult
CUST04835,Customer 04835,Male,48,Dhaka,2023-02-19,Senior
CUST04836,Customer 04836,Female,56,Rangpur,2024-04-08,Senior
CUST04837,Customer 04837,Female,53,Dhaka,2024-03-30,Senior
CUST04838,Customer 04838,Male,47,Dhaka,2023-12-01,Senior
CUST04839,Customer 04839,Female,40,Dhaka,2024-10-29,Mid-age
CUST04840,Customer 04840,Male,36,Chattogram,2023-11-23,Mid-age
CUST04841,Customer 04841,Female,29,Chattogram,2025-10-12,Adult
CUST04842,Customer 04842,Male,32,Dhaka,2023-12-02,Adult
CUST04843,Customer 04843,Female,48,Dhaka,2024-10-27,Senior
CUST04844,Customer 04844,Female,60,Barishal,2025-09-21,Senior
CUST04845,Customer 04845,Male,54,Mymensingh,2023-03-22,Senior
CUST04846,Customer 04846,Male,54,Dhaka,2023-03-28,Senior
CUST04847,Customer 04847,Male,32,Chattogram,2023-09-15,Adult
CUST04848,Customer 04848,Male,46,Sylhet,2025-09-17,Senior
CUST04849,Customer 04849,Female,60,Khulna,2023-07-04,Senior
CUST04850,Customer 04850,Female,43,Chattogram,2024-11-28,Mid-age
CUST04851,Customer 04851,Male,19,Rangpur,2023-05-03,Young
CUST04852,Customer 04852,Female,37,Sylhet,2024-08-27,Mid-age
CUST04853,Customer 04853,Male,32,Chattogram,2024-05-29,Adult
CUST04854,Customer 04854,Male,21,Rajshahi,2025-06-22,Young
CUST04855,Customer 04855,Female,39,Mymensingh,2023-11-01,Mid-age
CUST04856,Customer 04856,Female,55,Barishal,2024-10-18,Senior
CUST04857,Customer 04857,Male,40,Dhaka,2023-09-19,Mid-age
CUST04858,Customer 04858,Male,43,Dhaka,2024-05-05,Mid-age
CUST04859,Customer 04859,Male,28,Chattogram,2025-01-07,Adult
CUST04860,Customer 04860,Female,45,Dhaka,2025-11-20,Senior
CUST04861,Customer 04861,Female,19,Rajshahi,2024-12-02,Young
CUST04862,Customer 04862,Female,25,Barishal,2025-06-05,Adult
CUST04863,Customer 04863,Female,46,Khulna,2023-01-12,Senior
CUST04864,Customer 04864,Male,28,Mymensingh,2023-04-01,Adult
CUST04865,Customer 04865,Male,54,Dhaka,2024-08-22,Senior
CUST04866,Customer 04866,Male,35,Rangpur,2023-10-28,Mid-age
CUST04867,Customer 04867,Male,31,Khulna,2023-03-21,Adult
CUST04868,Customer 04868,Male,27,Dhaka,2025-04-15,Adult
CUST04869,Customer 04869,Male,52,Khulna,2024-10-13,Senior
CUST04870,Customer 04870,Female,26,Dhaka,2024-03-08,Adult
CUST04871,Customer 04871,Female,52,Khulna,2024-02-21,Senior
CUST04872,Customer 04872,Male,28,Chattogram,2023-01-18,Adult
CUST04873,Customer 04873,Male,29,Dhaka,2025-12-13,Adult
CUST04874,Customer 04874,Female,20,Rajshahi,2025-01-15,Young
CUST04875,Customer 04875,Female,56,Rajshahi,2023-08-28,Senior
CUST04876,Customer 04876,Female,31,Dhaka,2025-04-25,Adult
CUST04877,Customer 04877,Female,45,Dhaka,2024-02-22,Senior
CUST04878,Customer 04878,Male,28,Chattogram,2025-05-05,Adult
CUST04879,Customer 04879,Male,56,Sylhet,2024-08-21,Senior
CUST04880,Customer 04880,Male,42,Rangpur,2024-02-24,Mid-age
CUST04881,Customer 04881,Male,38,Mymensingh,2023-08-04,Mid-age
CUST04882,Customer 04882,Male,27,Chattogram,2024-12-09,Adult
CUST04883,Customer 04883,Female,60,Khulna,2024-07-04,Senior
CUST04884,Customer 04884,Male,32,Chattogram,2025-08-23,Adult
CUST04885,Customer 04885,Female,36,Khulna,2025-04-12,Mid-age
CUST04886,Customer 04886,Male,39,Dhaka,2024-11-10,Mid-age
CUST04887,Customer 04887,Male,38,Dhaka,2024-05-01,Mid-age
CUST04888,Customer 04888,Male,49,Sylhet,2024-09-14,Senior
CUST04889,Customer 04889,Male,40,Dhaka,2023-08-07,Mid-age
CUST04890,Customer 04890,Male,30,Khulna,2024-12-21,Adult
CUST04891,Customer 04891,Female,22,Barishal,2024-01-16,Young
CUST04892,Customer 04892,Female,21,Chattogram,2023-03-28,Young
CUST04893,Customer 04893,Female,45,Chattogram,2025-03-25,Senior
CUST04894,Customer 04894,Male,31,Rangpur,2024-02-15,Adult
CUST04895,Customer 04895,Male,25,Khulna,2024-11-21,Adult
CUST04896,Customer 04896,Female,26,Dhaka,2025-10-09,Adult
CUST04897,Customer 04897,Male,52,Dhaka,2024-06-08,Senior
CUST04898,Customer 04898,Male,54,Rajshahi,2024-03-22,Senior
CUST04899,Customer 04899,Female,38,Sylhet,2023-10-27,Mid-age
CUST04900,Customer 04900,Male,35,Dhaka,2024-02-12,Mid-age
CUST04901,Customer 04901,Female,50,Dhaka,2024-01-10,Senior
CUST04902,Customer 04902,Male,25,Rangpur,2023-08-21,Adult
CUST04903,Customer 04903,Female,34,Rajshahi,2024-09-29,Adult
CUST04904,Customer 04904,Male,60,Mymensingh,2024-10-11,Senior
CUST04905,Customer 04905,Male,48,Khulna,2025-08-18,Senior
CUST04906,Customer 04906,Female,51,Mymensingh,2025-12-08,Senior
CUST04907,Customer 04907,Male,23,Dhaka,2023-07-05,Young
CUST04908,Customer 04908,Male,39,Khulna,2023-03-19,Mid-age
CUST04909,Customer 04909,Female,31,Dhaka,2023-07-13,Adult
CUST04910,Customer 04910,Male,20,Rajshahi,2023-10-14,Young
CUST04911,Customer 04911,Female,29,Chattogram,2023-09-07,Adult
CUST04912,Customer 04912,Male,53,Dhaka,2024-06-19,Senior
CUST04913,Customer 04913,Male,29,Rangpur,2023-10-27,Adult
CUST04914,Customer 04914,Male,19,Rangpur,2025-03-19,Young
CUST04915,Customer 04915,Male,19,Dhaka,2024-04-02,Young
CUST04916,Customer 04916,Female,32,Sylhet,2024-11-21,Adult
CUST04917,Customer 04917,Male,40,Dhaka,2024-12-18,Mid-age
CUST04918,Customer 04918,Female,46,Chattogram,2023-02-09,Senior
CUST04919,Customer 04919,Male,34,Barishal,2023-04-18,Adult
CUST04920,Customer 04920,Male,49,Dhaka,2023-09-18,Senior
CUST04921,Customer 04921,Male,24,Mymensingh,2024-06-09,Young
CUST04922,Customer 04922,Male,47,Dhaka,2024-12-10,Senior
CUST04923,Customer 04923,Female,45,Rajshahi,2023-05-06,Senior
CUST04924,Customer 04924,Female,31,Rajshahi,2025-12-21,Adult
CUST04925,Customer 04925,Female,47,Dhaka,2023-02-23,Senior
CUST04926,Customer 04926,Female,34,Dhaka,2023-12-12,Adult
CUST04927,Customer 04927,Male,49,Barishal,2023-05-16,Senior
CUST04928,Customer 04928,Female,23,Khulna,2023-11-26,Young
CUST04929,Customer 04929,Female,41,Dhaka,2023-05-16,Mid-age
CUST04930,Customer 04930,Male,23,Chattogram,2025-03-23,Young
CUST04931,Customer 04931,Male,44,Dhaka,2025-05-01,Mid-age
CUST04932,Customer 04932,Male,35,Dhaka,2025-05-20,Mid-age
CUST04933,Customer 04933,Male,41,Chattogram,2025-06-10,Mid-age
CUST04934,Customer 04934,Female,54,Dhaka,2024-09-26,Senior
CUST04935,Customer 04935,Female,41,Barishal,2024-10-30,Mid-age
CUST04936,Customer 04936,Male,55,Khulna,2025-11-06,Senior
CUST04937,Customer 04937,Male,51,Mymensingh,2023-09-26,Senior
CUST04938,Customer 04938,Male,57,Rajshahi,2025-05-10,Senior
CUST04939,Customer 04939,Female,32,Mymensingh,2024-04-26,Adult
CUST04940,Customer 04940,Female,28,Chattogram,2023-10-12,Adult
CUST04941,Customer 04941,Male,39,Sylhet,2025-11-26,Mid-age
CUST04942,Customer 04942,Male,41,Mymensingh,2023-04-13,Mid-age
CUST04943,Customer 04943,Female,18,Rajshahi,2025-03-02,Young
CUST04944,Customer 04944,Male,35,Dhaka,2023-08-27,Mid-age
CUST04945,Customer 04945,Male,29,Khulna,2025-01-10,Adult
CUST04946,Customer 04946,Female,60,Rangpur,2024-10-06,Senior
CUST04947,Customer 04947,Male,45,Barishal,2025-05-31,Senior
CUST04948,Customer 04948,Female,57,Sylhet,2024-08-29,Senior
CUST04949,Customer 04949,Male,24,Rajshahi,2023-07-07,Young
CUST04950,Customer 04950,Male,40,Mymensingh,2025-06-06,Mid-age
CUST04951,Customer 04951,Female,38,Dhaka,2025-09-13,Mid-age
CUST04952,Customer 04952,Female,51,Rajshahi,2025-07-12,Senior
CUST04953,Customer 04953,Male,28,Dhaka,2025-03-04,Adult
CUST04954,Customer 04954,Female,39,Rajshahi,2024-06-13,Mid-age
CUST04955,Customer 04955,Male,59,Sylhet,2024-11-06,Senior
CUST04956,Customer 04956,Male,52,Dhaka,2024-01-27,Senior
CUST04957,Customer 04957,Female,46,Dhaka,2024-11-02,Senior
CUST04958,Customer 04958,Male,59,Sylhet,2025-05-10,Senior
CUST04959,Customer 04959,Male,45,Dhaka,2024-04-10,Senior
CUST04960,Customer 04960,Female,35,Dhaka,2025-04-18,Mid-age
CUST04961,Customer 04961,Female,31,Barishal,2025-09-14,Adult
CUST04962,Customer 04962,Male,35,Dhaka,2025-12-09,Mid-age
CUST04963,Customer 04963,Female,45,Chattogram,2023-01-04,Senior
CUST04964,Customer 04964,Female,41,Mymensingh,2025-05-01,Mid-age
CUST04965,Customer 04965,Female,25,Dhaka,2024-06-18,Adult
CUST04966,Customer 04966,Female,59,Chattogram,2025-06-21,Senior
CUST04967,Customer 04967,Male,25,Sylhet,2025-12-20,Adult
CUST04968,Customer 04968,Male,21,Khulna,2024-10-07,Young
CUST04969,Customer 04969,Male,44,Rangpur,2023-01-24,Mid-age
CUST04970,Customer 04970,Female,53,Rangpur,2024-07-10,Senior
CUST04971,Customer 04971,Female,22,Khulna,2024-11-21,Young
CUST04972,Customer 04972,Female,50,Dhaka,2023-12-22,Senior
CUST04973,Customer 04973,Female,51,Dhaka,2025-05-19,Senior
CUST04974,Customer 04974,Female,47,Chattogram,2025-07-29,Senior
CUST04975,Customer 04975,Female,25,Dhaka,2024-07-28,Adult
CUST04976,Customer 04976,Female,56,Khulna,2023-01-29,Senior
CUST04977,Customer 04977,Male,43,Rajshahi,2023-12-23,Mid-age
CUST04978,Customer 04978,Male,54,Dhaka,2023-12-31,Senior
CUST04979,Customer 04979,Female,51,Barishal,2024-08-30,Senior
CUST04980,Customer 04980,Female,24,Dhaka,2024-02-13,Young
CUST04981,Customer 04981,Female,57,Chattogram,2024-07-20,Senior
CUST04982,Customer 04982,Male,45,Rajshahi,2023-08-07,Senior
CUST04983,Customer 04983,Male,56,Chattogram,2023-06-22,Senior
CUST04984,Customer 04984,Female,56,Chattogram,2024-08-30,Senior
CUST04985,Customer 04985,Female,45,Dhaka,2025-11-01,Senior
CUST04986,Customer 04986,Male,31,Chattogram,2025-05-07,Adult
CUST04987,Customer 04987,Male,55,Khulna,2024-10-18,Senior
CUST04988,Customer 04988,Male,21,Rangpur,2025-08-26,Young
CUST04989,Customer 04989,Male,59,Chattogram,2024-03-16,Senior
CUST04990,Customer 04990,Female,35,Chattogram,2024-09-08,Mid-age
CUST04991,Customer 04991,Male,42,Rajshahi,2023-08-14,Mid-age
CUST04992,Customer 04992,Male,24,Mymensingh,2024-01-06,Young
CUST04993,Customer 04993,Female,55,Dhaka,2023-01-28,Senior
CUST04994,Customer 04994,Male,45,Chattogram,2025-10-04,Senior
CUST04995,Customer 04995,Male,22,Barishal,2025-09-21,Young
CUST04996,Customer 04996,Male,20,Sylhet,2023-01-16,Young
CUST04997,Customer 04997,Female,48,Dhaka,2023-11-29,Senior
CUST04998,Customer 04998,Male,59,Sylhet,2024-04-27,Senior
CUST04999,Customer 04999,Female,37,Dhaka,2024-07-19,Mid-age
CUST05000,Customer 05000,Female,36,Chattogram,2023-04-24,Mid-age
